/*
 Navicat Premium Data Transfer

 Source Server         : 192.168.1.100
 Source Server Type    : MySQL
 Source Server Version : 50528
 Source Host           : 192.168.1.100
 Source Database       : jobhunting

 Target Server Type    : MySQL
 Target Server Version : 50528
 File Encoding         : utf-8

 Date: 10/30/2012 23:54:11 PM
*/

SET NAMES utf8;
SET FOREIGN_KEY_CHECKS = 0;

-- ----------------------------
--  Table structure for `city`
-- ----------------------------
DROP TABLE IF EXISTS `city`;
CREATE TABLE `city` (
  `id` bigint(20) NOT NULL AUTO_INCREMENT,
  `city_name` varchar(64) NOT NULL,
  `province_id` bigint(20) NOT NULL,
  PRIMARY KEY (`id`),
  UNIQUE KEY `id` (`id`),
  UNIQUE KEY `city_name` (`city_name`),
  UNIQUE KEY `city_name_2` (`city_name`),
  KEY `FK2E996B368B143F` (`province_id`),
  CONSTRAINT `FK2E996B368B143F` FOREIGN KEY (`province_id`) REFERENCES `province` (`id`)
) ENGINE=InnoDB AUTO_INCREMENT=2442 DEFAULT CHARSET=utf8;

-- ----------------------------
--  Records of `city`
-- ----------------------------
BEGIN;
INSERT INTO `city` VALUES ('1', '安徽 ', '1'), ('2', '安庆市 ', '1'), ('3', '蚌埠市 ', '1'), ('4', '亳州市 ', '1'), ('5', '长丰县 ', '1'), ('6', '巢湖市 ', '1'), ('7', '池州市 ', '1'), ('8', '滁州市 ', '1'), ('9', '枞阳县 ', '1'), ('10', '当涂县 ', '1'), ('11', '砀山县 ', '1'), ('12', '定远县 ', '1'), ('13', '东至县 ', '1'), ('14', '繁昌县 ', '1'), ('15', '肥东县 ', '1'), ('16', '肥西县 ', '1'), ('17', '风台县 ', '1'), ('18', '风阳县 ', '1'), ('19', '阜南县 ', '1'), ('20', '阜阳市 ', '1'), ('21', '固镇县 ', '1'), ('22', '广德县 ', '1'), ('23', '含山县 ', '1'), ('24', '合肥市 ', '1'), ('25', '和县 ', '1'), ('26', '怀宁县 ', '1'), ('27', '怀远县 ', '1'), ('28', '淮北市 ', '1'), ('29', '淮南市 ', '1'), ('30', '黄山区 ', '1'), ('31', '黄山市 ', '1'), ('32', '霍山县 ', '1'), ('33', '绩溪县 ', '1'), ('34', '届首市 ', '1'), ('35', '金寨县 ', '1'), ('36', '泾县 ', '1'), ('37', '旌德县 ', '1'), ('38', '来安县 ', '1'), ('39', '郎溪县 ', '1'), ('40', '临泉县 ', '1'), ('41', '灵壁县 ', '1'), ('42', '六安市 ', '1'), ('43', '庐江县 ', '1'), ('44', '马鞍山市 ', '1'), ('45', '蒙城县 ', '1'), ('46', '明光市 ', '1'), ('47', '南陵县 ', '1'), ('48', '宁国市 ', '1'), ('49', '祁门县 ', '1'), ('50', '潜山县 ', '1'), ('51', '青阳县 ', '1'), ('52', '全椒县 ', '1'), ('53', '石台县 ', '1'), ('54', '寿县 ', '1'), ('55', '舒城县 ', '1'), ('56', '泗县 ', '1'), ('57', '宿松县 ', '1'), ('58', '宿州市 ', '1'), ('59', '濉溪县 ', '1'), ('60', '太和县 ', '1'), ('61', '太湖县 ', '1'), ('62', '天长市 ', '1'), ('63', '桐城市 ', '1'), ('64', '铜陵市 ', '1'), ('65', '铜陵县 ', '1'), ('66', '望江县 ', '1'), ('67', '涡阳县 ', '1'), ('68', '无为县 ', '1'), ('69', '芜湖市 ', '1'), ('70', '芜湖县 ', '1'), ('71', '五河县 ', '1'), ('72', '歙县 ', '1'), ('73', '萧县 ', '1'), ('74', '休宁县 ', '1'), ('75', '宣城市 ', '1'), ('76', '黟县 ', '1'), ('77', '颖上县 ', '1'), ('78', '岳西县 ', '1'), ('79', '北京 ', '2'), ('80', '北京市 ', '2'), ('81', '昌平区 ', '2'), ('82', '大兴区 ', '2'), ('83', '房山区 ', '2'), ('84', '怀柔区 ', '2'), ('85', '门头沟区 ', '2'), ('86', '密云县 ', '2'), ('87', '平谷区 ', '2'), ('88', '顺义区 ', '2'), ('89', '通州区 ', '2'), ('90', '延庆县 ', '2'), ('91', '安溪县 ', '3'), ('92', '长乐市 ', '3'), ('93', '长泰县 ', '3'), ('94', '长汀县 ', '3'), ('95', '大田县 ', '3'), ('96', '德化县 ', '3'), ('97', '东山县 ', '3'), ('98', '福安市 ', '3'), ('99', '福鼎市 ', '3'), ('100', '福建 ', '3'), ('101', '福清市 ', '3'), ('102', '福州市 ', '3'), ('103', '古田县 ', '3'), ('104', '光泽县 ', '3'), ('105', '华安县 ', '3'), ('106', '惠安县 ', '3'), ('107', '建宁县 ', '3'), ('108', '建瓯市 ', '3'), ('109', '建阳市 ', '3'), ('110', '将乐县 ', '3'), ('111', '晋江市 ', '3'), ('112', '连城县 ', '3'), ('113', '连江县 ', '3'), ('114', '龙海市 ', '3'), ('115', '龙岩市 ', '3'), ('116', '罗源县 ', '3'), ('117', '闽侯县 ', '3'), ('118', '闽清县 ', '3'), ('119', '明溪县 ', '3'), ('120', '南安市 ', '3'), ('121', '南靖县 ', '3'), ('122', '南平市 ', '3'), ('123', '宁德市 ', '3'), ('124', '宁化县 ', '3'), ('125', '平和县 ', '3'), ('126', '平潭县 ', '3'), ('127', '屏南县 ', '3'), ('128', '莆田市 ', '3'), ('129', '浦城县 ', '3'), ('130', '清流县 ', '3'), ('131', '泉州市 ', '3'), ('132', '三明市 ', '3'), ('133', '沙县 ', '3'), ('134', '上杭县 ', '3'), ('135', '邵武市 ', '3'), ('136', '石狮市 ', '3'), ('137', '寿宁县 ', '3'), ('138', '顺昌县 ', '3'), ('139', '松溪县 ', '3'), ('140', '泰宁县 ', '3'), ('141', '同安区 ', '3'), ('142', '武平县 ', '3'), ('143', '武夷山市 ', '3'), ('144', '霞浦县 ', '3'), ('145', '厦门市 ', '3'), ('146', '仙游县 ', '3'), ('147', '永安市 ', '3'), ('148', '永春县 ', '3'), ('149', '永定县 ', '3'), ('150', '永泰县 ', '3'), ('151', '尤溪县 ', '3'), ('152', '云霄县 ', '3'), ('153', '漳平市 ', '3'), ('154', '漳浦县 ', '3'), ('155', '漳州市 ', '3'), ('156', '诏安县 ', '3'), ('157', '柘荣县 ', '3'), ('158', '政和县 ', '3'), ('159', '周宁县 ', '3'), ('160', '阿克塞哈萨克族自治县 ', '4'), ('161', '安定区 ', '4'), ('162', '安西县 ', '4'), ('163', '白银市 ', '4'), ('164', '成县 ', '4'), ('165', '崇信县 ', '4'), ('166', '宕昌县 ', '4'), ('167', '迭部县 ', '4'), ('168', '定西市 ', '4'), ('169', '东乡族自治县 ', '4'), ('170', '敦煌市 ', '4'), ('171', '甘谷县 ', '4'), ('172', '甘肃 ', '4'), ('173', '甘州区 ', '4'), ('174', '皋兰县 ', '4'), ('175', '高台县 ', '4'), ('176', '古浪县 ', '4'), ('177', '广河县 ', '4'), ('178', '合水县 ', '4'), ('179', '和政县 ', '4'), ('180', '华池县 ', '4'), ('181', '华亭县 ', '4'), ('182', '环县 ', '4'), ('183', '徽县 ', '4'), ('184', '会宁县 ', '4'), ('185', '积石山保安族东乡族撒拉族自治县 ', '4'), ('186', '嘉裕关市 ', '4'), ('187', '金昌市 ', '4'), ('188', '金塔县 ', '4'), ('189', '泾川县 ', '4'), ('190', '景泰县 ', '4'), ('191', '靖远县 ', '4'), ('192', '静宁县 ', '4'), ('193', '酒泉市 ', '4'), ('194', '康乐县 ', '4'), ('195', '康县 ', '4'), ('196', '崆峒区 ', '4'), ('197', '兰州市 ', '4'), ('198', '礼县 ', '4'), ('199', '凉州区 ', '4'), ('200', '两当县 ', '4'), ('201', '临潭县 ', '4'), ('202', '临洮县 ', '4'), ('203', '临夏县 ', '4'), ('204', '临泽县 ', '4'), ('205', '灵台县 ', '4'), ('206', '陇南市 ', '4'), ('207', '陇西县 ', '4'), ('208', '碌曲县 ', '4'), ('209', '玛曲县 ', '4'), ('210', '民乐县 ', '4'), ('211', '岷县 ', '4'), ('212', '宁县 ', '4'), ('213', '平凉市 ', '4'), ('214', '秦安县 ', '4'), ('215', '清水县 ', '4'), ('216', '庆城县 ', '4'), ('217', '庆阳市 ', '4'), ('218', '山丹县 ', '4'), ('219', '肃北蒙古族自治县 ', '4'), ('220', '肃南裕固族自治县 ', '4'), ('221', '肃州区 ', '4'), ('222', '天水市 ', '4'), ('223', '天祝藏族自治县 ', '4'), ('224', '通渭县 ', '4'), ('225', '渭源县 ', '4'), ('226', '文县 ', '4'), ('227', '武都区 ', '4'), ('228', '武山县 ', '4'), ('229', '武威市 ', '4'), ('230', '西峰区 ', '4'), ('231', '西和县 ', '4'), ('232', '夏河县 ', '4'), ('233', '永昌县 ', '4'), ('234', '永登县 ', '4'), ('235', '永靖县 ', '4'), ('236', '榆中县 ', '4'), ('237', '玉门市 ', '4'), ('238', '张家川回族自治县 ', '4'), ('239', '张掖市 ', '4'), ('240', '漳县 ', '4'), ('241', '镇原县 ', '4'), ('242', '正宁县 ', '4'), ('243', '舟曲县 ', '4'), ('244', '庄浪县 ', '4'), ('245', '卓尼县 ', '4'), ('246', '宝安区 ', '5'), ('247', '博罗县 ', '5'), ('248', '潮南区 ', '5'), ('249', '潮阳区 ', '5'), ('250', '潮州市 ', '5'), ('251', '澄海区 ', '5'), ('252', '从化市 ', '5'), ('253', '大埔县 ', '5'), ('254', '德庆县 ', '5'), ('255', '电白县 ', '5'), ('256', '东莞市 ', '5'), ('257', '斗门县 ', '5'), ('258', '恩平市 ', '5'), ('259', '番禺区 ', '5'), ('260', '丰顺县 ', '5'), ('261', '封开县 ', '5'), ('262', '佛冈县 ', '5'), ('263', '佛山市 ', '5'), ('264', '高明区 ', '5'), ('265', '高要市 ', '5'), ('266', '高州市 ', '5'), ('267', '广东 ', '5'), ('268', '广宁县 ', '5'), ('269', '广州市 ', '5'), ('270', '海丰县 ', '5'), ('271', '和平县 ', '5'), ('272', '河源市 ', '5'), ('273', '鹤山市 ', '5'), ('274', '花都区 ', '5'), ('275', '化州市 ', '5'), ('276', '怀集县 ', '5'), ('277', '惠东县 ', '5'), ('278', '惠来县 ', '5'), ('279', '惠阳区 ', '5'), ('280', '惠州市 ', '5'), ('281', '江门市 ', '5'), ('282', '蕉岭县 ', '5'), ('283', '揭西县 ', '5'), ('284', '揭阳市 ', '5'), ('285', '开平市 ', '5'), ('286', '乐昌市 ', '5'), ('287', '雷州市 ', '5'), ('288', '连南县 ', '5'), ('289', '连平县 ', '5'), ('290', '连山县 ', '5'), ('291', '连州市 ', '5'), ('292', '廉江市 ', '5'), ('293', '龙川县 ', '5'), ('294', '龙岗区 ', '5'), ('295', '龙门县 ', '5'), ('296', '陆丰市 ', '5'), ('297', '陆河县 ', '5'), ('298', '罗定市 ', '5'), ('299', '茂名市 ', '5'), ('300', '梅州市 ', '5'), ('301', '南澳县 ', '5'), ('302', '南海区 ', '5'), ('303', '南雄市 ', '5'), ('304', '平远县 ', '5'), ('305', '普宁市 ', '5'), ('306', '清远市 ', '5'), ('307', '曲江县 ', '5'), ('308', '饶平县 ', '5'), ('309', '仁化县 ', '5'), ('310', '乳源县 ', '5'), ('311', '三水区 ', '5'), ('312', '汕头市 ', '5'), ('313', '汕尾市 ', '5'), ('314', '韶关市 ', '5'), ('315', '深圳市 ', '5'), ('316', '始兴县 ', '5'), ('317', '顺德区 ', '5'), ('318', '四会市 ', '5'), ('319', '遂溪县 ', '5'), ('320', '台山市 ', '5'), ('321', '翁源县 ', '5'), ('322', '吴川市 ', '5'), ('323', '五华县 ', '5'), ('324', '新丰县 ', '5'), ('325', '新会区 ', '5'), ('326', '新兴县 ', '5'), ('327', '信宜市 ', '5'), ('328', '兴宁市 ', '5'), ('329', '徐闻县 ', '5'), ('330', '阳江市 ', '5'), ('331', '阳山县 ', '5'), ('332', '阳西县 ', '5'), ('333', '英德市 ', '5'), ('334', '郁南县 ', '5'), ('335', '云浮市 ', '5'), ('336', '增城市 ', '5'), ('337', '湛江市 ', '5'), ('338', '肇庆市 ', '5'), ('339', '中山市 ', '5'), ('340', '珠海市 ', '5'), ('341', '紫金县 ', '5'), ('342', '巴马县 ', '6'), ('343', '百色市 ', '6'), ('344', '北海市 ', '6'), ('345', '北流市 ', '6'), ('346', '宾阳县 ', '6'), ('347', '博白县 ', '6'), ('348', '苍梧县 ', '6'), ('349', '岑溪市 ', '6'), ('350', '崇左市 ', '6'), ('351', '大化县 ', '6'), ('352', '大新县 ', '6'), ('353', '德保县 ', '6'), ('354', '东兰县 ', '6'), ('355', '东兴市 ', '6'), ('356', '都安县 ', '6'), ('357', '防城港市 ', '6'), ('358', '凤山县 ', '6'), ('359', '扶绥县 ', '6'), ('360', '富川县 ', '6'), ('361', '恭城县 ', '6'), ('362', '灌阳县 ', '6'), ('363', '广西 ', '6'), ('364', '贵港市 ', '6'), ('365', '桂林市 ', '6'), ('366', '桂平市 ', '6'), ('367', '合浦县 ', '6'), ('368', '合山市 ', '6'), ('369', '河池市 ', '6'), ('370', '贺州市 ', '6'), ('371', '横县 ', '6'), ('372', '环江县 ', '6'), ('373', '金秀县 ', '6'), ('374', '靖西县 ', '6'), ('375', '来宾市 ', '6'), ('376', '乐业县 ', '6'), ('377', '荔浦县 ', '6'), ('378', '临桂县 ', '6'), ('379', '灵川县 ', '6'), ('380', '灵山县 ', '6'), ('381', '凌云县 ', '6'), ('382', '柳城县 ', '6'), ('383', '柳江县 ', '6'), ('384', '柳州市 ', '6'), ('385', '龙胜县 ', '6'), ('386', '龙州县 ', '6'), ('387', '隆安县 ', '6'), ('388', '隆林县 ', '6'), ('389', '陆川县 ', '6'), ('390', '鹿寨县 ', '6'), ('391', '罗城县 ', '6'), ('392', '马山县 ', '6'), ('393', '蒙山县 ', '6'), ('394', '那坡县 ', '6'), ('395', '南丹县 ', '6'), ('396', '南宁市 ', '6'), ('397', '宁明县 ', '6'), ('398', '平果县 ', '6'), ('399', '平乐县 ', '6'), ('400', '平南县 ', '6'), ('401', '凭祥市 ', '6'), ('402', '浦北县 ', '6'), ('403', '钦州市 ', '6'), ('404', '全州县 ', '6'), ('405', '容县 ', '6'), ('406', '融安县 ', '6'), ('407', '融水县 ', '6'), ('408', '三江县 ', '6'), ('409', '上林县 ', '6'), ('410', '上思县 ', '6'), ('411', '藤县 ', '6'), ('412', '天等县 ', '6'), ('413', '天峨县 ', '6'), ('414', '田东县 ', '6'), ('415', '田林县 ', '6'), ('416', '田阳县 ', '6'), ('417', '梧州市 ', '6'), ('418', '武鸣县 ', '6'), ('419', '武宣县 ', '6'), ('420', '西林县 ', '6'), ('421', '象州县 ', '6'), ('422', '忻城县 ', '6'), ('423', '兴安县 ', '6'), ('424', '阳朔县 ', '6'), ('425', '宜州市 ', '6'), ('426', '邕宁县 ', '6'), ('427', '永福县 ', '6'), ('428', '玉林市 ', '6'), ('429', '昭平县 ', '6'), ('430', '钟山县 ', '6'), ('431', '资源县 ', '6'), ('432', '安龙县 ', '7'), ('433', '安顺市 ', '7'), ('434', '毕节地区 ', '7'), ('435', '毕节市 ', '7'), ('436', '册亨县 ', '7'), ('437', '岑巩县 ', '7'), ('438', '长顺县 ', '7'), ('439', '赤水市 ', '7'), ('440', '从江县 ', '7'), ('441', '丹寨县 ', '7'), ('442', '道真仫佬族苗族自治县 ', '7'), ('443', '德江县 ', '7'), ('444', '都匀市 ', '7'), ('445', '独山县 ', '7'), ('446', '凤冈县 ', '7'), ('447', '福泉市 ', '7'), ('448', '关岭布依族苗族自治县 ', '7'), ('449', '贵定县 ', '7'), ('450', '贵阳市 ', '7'), ('451', '贵州 ', '7'), ('452', '赫章县 ', '7'), ('453', '黄平县 ', '7'), ('454', '惠水县 ', '7'), ('455', '剑河县 ', '7'), ('456', '江口县 ', '7'), ('457', '金沙县 ', '7'), ('458', '锦屏县 ', '7'), ('459', '开阳县 ', '7'), ('460', '凯里市 ', '7'), ('461', '雷山县 ', '7'), ('462', '黎平县 ', '7'), ('463', '荔波县 ', '7'), ('464', '六盘水市 ', '7'), ('465', '六枝特区 ', '7'), ('466', '龙里县 ', '7'), ('467', '罗甸县 ', '7'), ('468', '麻江县 ', '7'), ('469', '湄潭县 ', '7'), ('470', '纳雍县 ', '7'), ('471', '盘县 ', '7'), ('472', '平坝县 ', '7'), ('473', '平塘县 ', '7'), ('474', '普安县 ', '7'), ('475', '普定县 ', '7'), ('476', '黔东南州 ', '7'), ('477', '黔南州 ', '7'), ('478', '黔西南州 ', '7'), ('479', '黔西县 ', '7'), ('480', '清镇市 ', '7'), ('481', '晴隆县 ', '7'), ('482', '仁怀市 ', '7'), ('483', '榕江县 ', '7'), ('484', '三都水族自治县 ', '7'), ('485', '三穗县 ', '7'), ('486', '施秉县 ', '7'), ('487', '石阡县 ', '7'), ('488', '水城县 ', '7'), ('489', '思南县 ', '7'), ('490', '松桃苗族自治县 ', '7'), ('491', '绥阳县 ', '7'), ('492', '台江县 ', '7'), ('493', '天柱县 ', '7'), ('494', '桐梓县 ', '7'), ('495', '铜仁地区 ', '7'), ('496', '铜仁市 ', '7'), ('497', '万山特区 ', '7'), ('498', '望谟县 ', '7'), ('499', '威宁彝族自治县 ', '7'), ('500', '瓮安县 ', '7'), ('501', '务川仫佬族苗族自治县 ', '7'), ('502', '息峰县 ', '7'), ('503', '习水县 ', '7'), ('504', '兴仁县 ', '7'), ('505', '兴义市 ', '7'), ('506', '修文县 ', '7'), ('507', '沿河土家族自治县 ', '7'), ('508', '印江土家族苗族自治县 ', '7'), ('509', '余庆县 ', '7'), ('510', '玉屏县 ', '7'), ('511', '贞丰县 ', '7'), ('512', '镇宁布依族苗族自治县 ', '7'), ('513', '镇远县 ', '7'), ('514', '正安县 ', '7'), ('515', '织金县 ', '7'), ('516', '紫云苗族布依族自治县 ', '7'), ('517', '遵义市 ', '7'), ('518', '遵义县 ', '7'), ('519', '白沙黎族自治县 ', '8'), ('520', '保亭黎族苗族自治县 ', '8'), ('521', '昌江黎族自治县 ', '8'), ('522', '澄迈县 ', '8'), ('523', '儋州市 ', '8'), ('524', '定安县 ', '8'), ('525', '海口市 ', '8'), ('526', '海南 ', '8'), ('527', '乐东黎族自治县 ', '8'), ('528', '临高县 ', '8'), ('529', '陵水黎族自治县 ', '8'), ('530', '南沙群岛 ', '8'), ('531', '琼海县 ', '8'), ('532', '琼山区 ', '8'), ('533', '琼中黎族自治县 ', '8'), ('534', '三亚市 ', '8'), ('535', '屯昌县 ', '8'), ('536', '万宁市 ', '8'), ('537', '文昌市 ', '8'), ('538', '五指山市 ', '8'), ('539', '西沙群岛 ', '8'), ('540', '中沙群岛 ', '8'), ('541', '安国市 ', '9'), ('542', '安新县 ', '9'), ('543', '霸州市 ', '9'), ('544', '柏乡县 ', '9'), ('545', '保定市 ', '9'), ('546', '北戴河区 ', '9'), ('547', '泊头市 ', '9'), ('548', '博野县 ', '9'), ('549', '沧县 ', '9'), ('550', '沧州市 ', '9'), ('551', '昌黎县 ', '9'), ('552', '成安县 ', '9'), ('553', '承德市 ', '9'), ('554', '赤城县 ', '9'), ('555', '崇礼县 ', '9'), ('556', '磁县 ', '9'), ('557', '大厂回族自治县 ', '9'), ('558', '大城县 ', '9'), ('559', '大名县 ', '9'), ('560', '定兴县 ', '9'), ('561', '定州市 ', '9'), ('562', '东光县 ', '9'), ('563', '肥乡县 ', '9'), ('564', '丰南区 ', '9'), ('565', '丰宁县 ', '9'), ('566', '丰润区 ', '9'), ('567', '峰峰矿区 ', '9'), ('568', '抚宁县 ', '9'), ('569', '阜城县 ', '9'), ('570', '阜平县 ', '9'), ('571', '高碑店市 ', '9'), ('572', '高阳县 ', '9'), ('573', '高邑县 ', '9'), ('574', '藁城市 ', '9'), ('575', '沽源县 ', '9'), ('576', '古冶区 ', '9'), ('577', '固安县 ', '9'), ('578', '故城县 ', '9'), ('579', '馆陶县 ', '9'), ('580', '广平县 ', '9'), ('581', '广宗县 ', '9'), ('582', '海兴县 ', '9'), ('583', '邯郸市 ', '9'), ('584', '邯郸县 ', '9'), ('585', '河北 ', '9'), ('586', '河间市 ', '9'), ('587', '衡水市 ', '9'), ('588', '怀安县 ', '9'), ('589', '怀来县 ', '9'), ('590', '黄骅市 ', '9'), ('591', '鸡泽县 ', '9'), ('592', '冀州市 ', '9'), ('593', '晋州市 ', '9'), ('594', '井陉矿区 ', '9'), ('595', '井陉县 ', '9'), ('596', '景县 ', '9'), ('597', '巨鹿县 ', '9'), ('598', '康保县 ', '9'), ('599', '宽城县 ', '9'), ('600', '涞水县 ', '9'), ('601', '涞源县 ', '9'), ('602', '廊坊市 ', '9'), ('603', '乐亭县 ', '9'), ('604', '蠡县 ', '9'), ('605', '临城县 ', '9'), ('606', '临西县 ', '9'), ('607', '临漳县 ', '9'), ('608', '灵寿县 ', '9'), ('609', '隆化县 ', '9'), ('610', '隆尧县 ', '9'), ('611', '卢龙县 ', '9'), ('612', '鹿泉市 ', '9'), ('613', '栾城县 ', '9'), ('614', '滦南县 ', '9'), ('615', '滦平县 ', '9'), ('616', '滦县 ', '9'), ('617', '满城县 ', '9'), ('618', '孟村县 ', '9'), ('619', '内邱县 ', '9'), ('620', '南和县 ', '9'), ('621', '南皮县 ', '9'), ('622', '庞家堡 ', '9'), ('623', '平泉县 ', '9'), ('624', '平山县 ', '9'), ('625', '平乡县 ', '9'), ('626', '迁安市 ', '9'), ('627', '迁西县 ', '9'), ('628', '秦皇岛市 ', '9'), ('629', '青龙县 ', '9'), ('630', '青县 ', '9'), ('631', '清河县 ', '9'), ('632', '清苑县 ', '9'), ('633', '曲阳县 ', '9'), ('634', '曲周县 ', '9'), ('635', '任丘市 ', '9'), ('636', '任县 ', '9'), ('637', '容城县 ', '9'), ('638', '三河市 ', '9'), ('639', '沙河市 ', '9'), ('640', '山海关区 ', '9'), ('641', '尚义县 ', '9'), ('642', '涉县 ', '9'), ('643', '深泽县 ', '9'), ('644', '石家庄市 ', '9'), ('645', '寿王坟 ', '9'), ('646', '顺平县 ', '9'), ('647', '肃宁县 ', '9'), ('648', '唐海县 ', '9'), ('649', '唐山市 ', '9'), ('650', '唐县 ', '9'), ('651', '万全县 ', '9'), ('652', '望都县 ', '9'), ('653', '威县 ', '9'), ('654', '围场县 ', '9'), ('655', '蔚县 ', '9'), ('656', '魏县 ', '9'), ('657', '文安县 ', '9'), ('658', '无极县 ', '9'), ('659', '吴桥县 ', '9'), ('660', '武安市 ', '9'), ('661', '武强县 ', '9'), ('662', '武邑县 ', '9'), ('663', '下花园区 ', '9'), ('664', '献县 ', '9'), ('665', '香河县 ', '9'), ('666', '辛集市 ', '9'), ('667', '新乐市 ', '9'), ('668', '兴隆县 ', '9'), ('669', '行唐县 ', '9'), ('670', '邢台市 ', '9'), ('671', '邢台县 ', '9'), ('672', '雄县 ', '9'), ('673', '徐水县 ', '9'), ('674', '宣化区 ', '9'), ('675', '宣化县 ', '9'), ('676', '盐山县 ', '9'), ('677', '阳原县 ', '9'), ('678', '易县 ', '9'), ('679', '鹰手营子矿 ', '9'), ('680', '永年县 ', '9'), ('681', '永清县 ', '9'), ('682', '玉田县 ', '9'), ('683', '赞皇县 ', '9'), ('684', '枣强县 ', '9'), ('685', '张北县 ', '9'), ('686', '张家口市 ', '9'), ('687', '赵县 ', '9'), ('688', '正定县 ', '9'), ('689', '涿鹿县 ', '9'), ('690', '涿州市 ', '9'), ('691', '遵化市 ', '9'), ('692', '安阳市 ', '10'), ('693', '宝丰县 ', '10'), ('694', '博爱县 ', '10'), ('695', '长葛市 ', '10'), ('696', '长垣县 ', '10'), ('697', '郸城县 ', '10'), ('698', '登封市 ', '10'), ('699', '邓州市 ', '10'), ('700', '范县 ', '10'), ('701', '方城县 ', '10'), ('702', '封丘县 ', '10'), ('703', '扶沟县 ', '10'), ('704', '巩义市 ', '10'), ('705', '固始县 ', '10'), ('706', '光山县 ', '10'), ('707', '河南 ', '10'), ('708', '鹤壁市 ', '10'), ('709', '滑县 ', '10'), ('710', '淮滨县 ', '10'), ('711', '淮阳县 ', '10'), ('712', '潢川县 ', '10'), ('713', '辉县市 ', '10'), ('714', '获嘉县 ', '10'), ('715', '济源市 ', '10'), ('716', '郏县 ', '10'), ('717', '焦作市 ', '10'), ('718', '浚县 ', '10'), ('719', '开封市 ', '10'), ('720', '开封县 ', '10'), ('721', '兰考县 ', '10'), ('722', '林州市 ', '10'), ('723', '临颖县 ', '10'), ('724', '灵宝市 ', '10'), ('725', '卢氏县 ', '10'), ('726', '鲁山县 ', '10'), ('727', '鹿邑县 ', '10'), ('728', '栾川县 ', '10'), ('729', '罗山县 ', '10'), ('730', '洛宁县 ', '10'), ('731', '洛阳市 ', '10'), ('732', '漯河市 ', '10'), ('733', '孟津县 ', '10'), ('734', '孟州市 ', '10'), ('735', '泌阳县 ', '10'), ('736', '民权县 ', '10'), ('737', '内黄县 ', '10'), ('738', '内乡县 ', '10'), ('739', '南乐县 ', '10'), ('740', '南阳市 ', '10'), ('741', '南召县 ', '10'), ('742', '宁陵县 ', '10'), ('743', '平顶山市 ', '10'), ('744', '平桥区 ', '10'), ('745', '平舆县 ', '10'), ('746', '濮阳市 ', '10'), ('747', '淇县 ', '10'), ('748', '杞县 ', '10'), ('749', '沁阳市 ', '10'), ('750', '清丰县 ', '10'), ('751', '确山县 ', '10'), ('752', '汝南县 ', '10'), ('753', '汝阳县 ', '10'), ('754', '汝州市 ', '10'), ('755', '三门峡市 ', '10'), ('756', '陕县 ', '10'), ('757', '商城县 ', '10'), ('758', '商丘市 ', '10'), ('759', '商水县 ', '10'), ('760', '上蔡县 ', '10'), ('761', '上街区 ', '10'), ('762', '社旗县 ', '10'), ('763', '沈丘县 ', '10'), ('764', '渑池县 ', '10'), ('765', '嵩县 ', '10'), ('766', '睢县 ', '10'), ('767', '睢阳区 ', '10'), ('768', '遂平县 ', '10'), ('769', '台前县 ', '10'), ('770', '汤阴县 ', '10'), ('771', '唐河县 ', '10'), ('772', '通许县 ', '10'), ('773', '桐柏县 ', '10'), ('774', '卫辉市 ', '10'), ('775', '温县 ', '10'), ('776', '武陟县 ', '10'), ('777', '舞钢市 ', '10'), ('778', '舞阳县 ', '10'), ('779', '西华县 ', '10'), ('780', '西平县 ', '10'), ('781', '西峡县 ', '10'), ('782', '息县 ', '10'), ('783', '淅川县 ', '10'), ('784', '夏邑县 ', '10'), ('785', '项城市 ', '10'), ('786', '新安县 ', '10'), ('787', '新蔡县 ', '10'), ('788', '新密市 ', '10'), ('789', '新县 ', '10'), ('790', '新乡市 ', '10'), ('791', '新乡县 ', '10'), ('792', '新野县 ', '10'), ('793', '新郑市 ', '10'), ('794', '信阳市 ', '10'), ('795', '修武县 ', '10'), ('796', '许昌市 ', '10'), ('797', '许昌县 ', '10'), ('798', '鄢陵县 ', '10'), ('799', '延津县 ', '10'), ('800', '偃师市 ', '10'), ('801', '郾城县 ', '10'), ('802', '叶县 ', '10'), ('803', '伊川县 ', '10'), ('804', '宜阳县 ', '10'), ('805', '义马市 ', '10'), ('806', '荥阳市 ', '10'), ('807', '永城市 ', '10'), ('808', '虞城县 ', '10'), ('809', '原阳县 ', '10'), ('810', '柘城县 ', '10'), ('811', '镇平县 ', '10'), ('812', '正阳县 ', '10'), ('813', '郑州市 ', '10'), ('814', '中牟县 ', '10'), ('815', '周口市 ', '10'), ('816', '驻马店 ', '10'), ('817', '阿城市 ', '11'), ('818', '安达市 ', '11'), ('819', '巴彦县 ', '11'), ('820', '拜泉县 ', '11'), ('821', '宝清县 ', '11'), ('822', '北安市 ', '11'), ('823', '宾县 ', '11'), ('824', '勃利县 ', '11'), ('825', '大庆市 ', '11'), ('826', '大兴安岭 ', '11'), ('827', '带岭区 ', '11'), ('828', '东宁县 ', '11'), ('829', '方正县 ', '11'), ('830', '抚远县 ', '11'), ('831', '富锦市 ', '11'), ('832', '富裕县 ', '11'), ('833', '甘南县 ', '11'), ('834', '哈尔滨市 ', '11'), ('835', '海林市 ', '11'), ('836', '海伦市 ', '11'), ('837', '鹤岗市 ', '11'), ('838', '黑河市 ', '11'), ('839', '黑龙江 ', '11'), ('840', '呼兰区 ', '11'), ('841', '呼玛县 ', '11'), ('842', '虎林市 ', '11'), ('843', '桦川县 ', '11'), ('844', '桦南县 ', '11'), ('845', '鸡东县 ', '11'), ('846', '鸡西市 ', '11'), ('847', '集贤县 ', '11'), ('848', '加格达奇市 ', '11'), ('849', '佳木斯市 ', '11'), ('850', '嘉荫县 ', '11'), ('851', '克东县 ', '11'), ('852', '克山县 ', '11'), ('853', '兰西县 ', '11'), ('854', '林口县 ', '11'), ('855', '龙江县 ', '11'), ('856', '萝北县 ', '11'), ('857', '密山市 ', '11'), ('858', '明水县 ', '11'), ('859', '漠河县 ', '11'), ('860', '牡丹江市 ', '11'), ('861', '木兰县 ', '11'), ('862', '穆棱市 ', '11'), ('863', '南岔区 ', '11'), ('864', '讷河市 ', '11'), ('865', '嫩江县 ', '11'), ('866', '宁安市 ', '11'), ('867', '七台河市 ', '11'), ('868', '齐齐哈尔市 ', '11'), ('869', '青岗县 ', '11'), ('870', '庆安县 ', '11'), ('871', '饶河县 ', '11'), ('872', '尚志市 ', '11'), ('873', '双城市 ', '11'), ('874', '双鸭山市 ', '11'), ('875', '绥滨县 ', '11'), ('876', '绥芬河市 ', '11'), ('877', '绥化市 ', '11'), ('878', '绥棱县 ', '11'), ('879', '孙吴县 ', '11'), ('880', '塔河县 ', '11'), ('881', '泰来县 ', '11'), ('882', '汤原县 ', '11'), ('883', '铁力市 ', '11'), ('884', '通河县 ', '11'), ('885', '同江市 ', '11'), ('886', '望奎县 ', '11'), ('887', '五常市 ', '11'), ('888', '五大连池市 ', '11'), ('889', '逊克县 ', '11'), ('890', '延寿县 ', '11'), ('891', '伊春市 ', '11'), ('892', '依安县 ', '11'), ('893', '依兰县 ', '11'), ('894', '友谊县 ', '11'), ('895', '肇东市 ', '11'), ('896', '安陆市 ', '12'), ('897', '巴东县 ', '12'), ('898', '保康县 ', '12'), ('899', '蔡甸区 ', '12'), ('900', '长阳县 ', '12'), ('901', '赤壁市 ', '12'), ('902', '崇阳县 ', '12'), ('903', '大悟县 ', '12'), ('904', '大冶市 ', '12'), ('905', '丹江口市 ', '12'), ('906', '当阳市 ', '12'), ('907', '鄂州市 ', '12'), ('908', '恩施市 ', '12'), ('909', '恩施州 ', '12'), ('910', '房县 ', '12'), ('911', '公安县 ', '12'), ('912', '谷城县 ', '12'), ('913', '广水市 ', '12'), ('914', '汉川市 ', '12'), ('915', '鹤峰县 ', '12'), ('916', '红安县 ', '12'), ('917', '洪湖市 ', '12'), ('918', '湖北 ', '12'), ('919', '黄陂区 ', '12'), ('920', '黄冈市 ', '12'), ('921', '黄梅县 ', '12'), ('922', '黄石市 ', '12'), ('923', '嘉鱼县 ', '12'), ('924', '监利县 ', '12'), ('925', '建始县 ', '12'), ('926', '江陵县 ', '12'), ('927', '江夏区 ', '12'), ('928', '京山县 ', '12'), ('929', '来凤县 ', '12'), ('930', '老河口市 ', '12'), ('931', '利川市 ', '12'), ('932', '罗田县 ', '12'), ('933', '麻城市 ', '12'), ('934', '南漳县 ', '12'), ('935', '蕲春县 ', '12'), ('936', '潜江市 ', '12'), ('937', '十堰市 ', '12'), ('938', '石首市 ', '12'), ('939', '松滋市 ', '12'), ('940', '随州市 ', '12'), ('941', '天门市 ', '12'), ('942', '通城县 ', '12'), ('943', '通山县 ', '12'), ('944', '五峰县 ', '12'), ('945', '武汉市 ', '12'), ('946', '武穴市 ', '12'), ('947', '浠水县 ', '12'), ('948', '仙桃市 ', '12'), ('949', '咸安区 ', '12'), ('950', '咸丰县 ', '12'), ('951', '咸宁市 ', '12'), ('952', '襄樊市 ', '12'), ('953', '襄阳区 ', '12'), ('954', '孝感市 ', '12'), ('955', '新洲区 ', '12'), ('956', '兴山县 ', '12'), ('957', '宣恩县 ', '12'), ('958', '阳新县 ', '12'), ('959', '夷陵区 ', '12'), ('960', '宜昌市 ', '12'), ('961', '宜城市 ', '12'), ('962', '宜都市 ', '12'), ('963', '应城市 ', '12'), ('964', '英山县 ', '12'), ('965', '远安县 ', '12'), ('966', '云梦县 ', '12'), ('967', '郧西县 ', '12'), ('968', '郧县 ', '12'), ('969', '枣阳市 ', '12'), ('970', '枝江市 ', '12'), ('971', '钟祥县 ', '12'), ('972', '竹山县 ', '12'), ('973', '竹溪县 ', '12'), ('974', '秭归县 ', '12'), ('975', '安化县 ', '13'), ('976', '安仁县 ', '13'), ('977', '安乡县 ', '13'), ('978', '保靖县 ', '13'), ('979', '茶陵县 ', '13'), ('980', '长沙市 ', '13'), ('981', '长沙县 ', '13'), ('982', '常德市 ', '13'), ('983', '常宁市 ', '13'), ('984', '郴州市 ', '13'), ('985', '辰溪县 ', '13'), ('986', '城步县 ', '13'), ('987', '道县 ', '13'), ('988', '东安县 ', '13'), ('989', '洞口县 ', '13'), ('990', '凤凰县 ', '13'), ('991', '古丈县 ', '13'), ('992', '桂东县 ', '13'), ('993', '桂阳县 ', '13'), ('994', '汉寿县 ', '13'), ('995', '衡东县 ', '13'), ('996', '衡南县 ', '13'), ('997', '衡山县 ', '13'), ('998', '衡阳市 ', '13'), ('999', '衡阳县 ', '13'), ('1000', '洪江区 ', '13'), ('1001', '洪江市 ', '13'), ('1002', '湖南 ', '13'), ('1003', '花垣县 ', '13'), ('1004', '华容县 ', '13'), ('1005', '怀化市 ', '13'), ('1006', '会同县 ', '13'), ('1007', '吉首市 ', '13'), ('1008', '嘉禾县 ', '13'), ('1009', '江华县 ', '13'), ('1010', '江永县 ', '13'), ('1011', '津市市 ', '13'), ('1012', '靖州县 ', '13'), ('1013', '蓝山县 ', '13'), ('1014', '耒阳市 ', '13'), ('1015', '冷水江市 ', '13'), ('1016', '澧县 ', '13'), ('1017', '醴陵市 ', '13'), ('1018', '涟源市 ', '13'), ('1019', '临澧县 ', '13'), ('1020', '临武县 ', '13'), ('1021', '临湘市 ', '13'), ('1022', '浏阳市 ', '13'), ('1023', '龙山县 ', '13'), ('1024', '隆回县 ', '13'), ('1025', '娄底市 ', '13'), ('1026', '泸溪县 ', '13'), ('1027', '麻阳县 ', '13'), ('1028', '汨罗市 ', '13'), ('1029', '南岳区 ', '13'), ('1030', '宁乡县 ', '13'), ('1031', '宁远县 ', '13'), ('1032', '平江县 ', '13'), ('1033', '祁东县 ', '13'), ('1034', '祁阳县 ', '13'), ('1035', '汝城县 ', '13'), ('1036', '韶山市 ', '13'), ('1037', '邵东县 ', '13'), ('1038', '邵阳市 ', '13'), ('1039', '邵阳县 ', '13'), ('1040', '石门县 ', '13'), ('1041', '双峰县 ', '13'), ('1042', '双牌县 ', '13'), ('1043', '绥宁县 ', '13'), ('1044', '桃江县 ', '13'), ('1045', '桃源县 ', '13'), ('1046', '通道县 ', '13'), ('1047', '望城县 ', '13'), ('1048', '武冈市 ', '13'), ('1049', '湘潭市 ', '13'), ('1050', '湘潭县 ', '13'), ('1051', '湘西州 ', '13'), ('1052', '湘乡市 ', '13'), ('1053', '湘阴县 ', '13'), ('1054', '新化县 ', '13'), ('1055', '新晃县 ', '13'), ('1056', '新宁县 ', '13'), ('1057', '新邵县 ', '13'), ('1058', '新田县 ', '13'), ('1059', '溆浦县 ', '13'), ('1060', '炎陵县 ', '13'), ('1061', '宜章县 ', '13'), ('1062', '益阳市 ', '13'), ('1063', '永顺县 ', '13'), ('1064', '永兴县 ', '13'), ('1065', '永州市 ', '13'), ('1066', '攸县 ', '13'), ('1067', '沅江市 ', '13'), ('1068', '沅陵县 ', '13'), ('1069', '岳阳市 ', '13'), ('1070', '岳阳县 ', '13'), ('1071', '芝山区 ', '13'), ('1072', '芷江县 ', '13'), ('1073', '中方 ', '13'), ('1074', '株州市 ', '13'), ('1075', '株州县 ', '13'), ('1076', '资兴市 ', '13'), ('1077', '安图县 ', '14'), ('1078', '白城市 ', '14'), ('1079', '白山市 ', '14'), ('1080', '长白县 ', '14'), ('1081', '长春市 ', '14'), ('1082', '长岭县 ', '14'), ('1083', '大安市 ', '14'), ('1084', '德惠市 ', '14'), ('1085', '东丰县 ', '14'), ('1086', '东辽县 ', '14'), ('1087', '敦化市 ', '14'), ('1088', '扶余市 ', '14'), ('1089', '抚松县 ', '14'), ('1090', '公主岭市 ', '14'), ('1091', '和龙市 ', '14'), ('1092', '桦甸市 ', '14'), ('1093', '珲春市 ', '14'), ('1094', '辉南县 ', '14'), ('1095', '吉林 ', '14'), ('1096', '吉林市 ', '14'), ('1097', '集安市 ', '14'), ('1098', '蛟河市 ', '14'), ('1099', '靖宇县 ', '14'), ('1100', '九台市 ', '14'), ('1101', '梨树县 ', '14'), ('1102', '辽源市 ', '14'), ('1103', '柳河县 ', '14'), ('1104', '龙井市 ', '14'), ('1105', '梅河口市 ', '14'), ('1106', '农安县 ', '14'), ('1107', '磐石市 ', '14'), ('1108', '前郭尔罗斯县 ', '14'), ('1109', '乾安县 ', '14'), ('1110', '舒兰市 ', '14'), ('1111', '双辽市 ', '14'), ('1112', '双阳区 ', '14'), ('1113', '四平市 ', '14'), ('1114', '洮南市 ', '14'), ('1115', '通化市 ', '14'), ('1116', '通化县 ', '14'), ('1117', '通榆县 ', '14'), ('1118', '图们市 ', '14'), ('1119', '汪清县 ', '14'), ('1120', '延边朝鲜州 ', '14'), ('1121', '延吉市 ', '14'), ('1122', '伊通县 ', '14'), ('1123', '永吉县 ', '14'), ('1124', '榆树县 ', '14'), ('1125', '镇赉县 ', '14'), ('1126', '宝应县 ', '15'), ('1127', '滨海县 ', '15'), ('1128', '滨湖区 ', '15'), ('1129', '常熟市 ', '15'), ('1130', '常州市 ', '15'), ('1131', '楚州区 ', '15'), ('1132', '大丰市 ', '15'), ('1133', '丹阳市 ', '15'), ('1134', '东海县 ', '15'), ('1135', '东台市 ', '15'), ('1136', '丰县 ', '15'), ('1137', '阜宁县 ', '15'), ('1138', '赣榆县 ', '15'), ('1139', '高淳县 ', '15'), ('1140', '高邮市 ', '15'), ('1141', '灌南县 ', '15'), ('1142', '灌云县 ', '15'), ('1143', '海安县 ', '15'), ('1144', '海门市 ', '15'), ('1145', '邗江区 ', '15'), ('1146', '洪泽县 ', '15'), ('1147', '淮安市 ', '15'), ('1148', '淮阴区 ', '15'), ('1149', '惠山区 ', '15'), ('1150', '建湖县 ', '15'), ('1151', '江都市 ', '15'), ('1152', '江宁区 ', '15'), ('1153', '江苏 ', '15'), ('1154', '江阴市 ', '15'), ('1155', '姜堰市 ', '15'), ('1156', '金湖县 ', '15'), ('1157', '金坛市 ', '15'), ('1158', '靖江市 ', '15'), ('1159', '句容市 ', '15'), ('1160', '昆山市 ', '15'), ('1161', '溧水县 ', '15'), ('1162', '溧阳市 ', '15'), ('1163', '连云港市 ', '15'), ('1164', '涟水县 ', '15'), ('1165', '六合区 ', '15'), ('1166', '南京市 ', '15'), ('1167', '南通市 ', '15'), ('1168', '沛县 ', '15'), ('1169', '邳州市 ', '15'), ('1170', '浦口区 ', '15'), ('1171', '启东市 ', '15'), ('1172', '如东县 ', '15'), ('1173', '如皋市 ', '15'), ('1174', '射阳县 ', '15'), ('1175', '沭阳县 ', '15'), ('1176', '泗阳县 ', '15'), ('1177', '苏州市 ', '15'), ('1178', '宿迁市 ', '15'), ('1179', '宿豫区 ', '15'), ('1180', '睢宁县 ', '15'), ('1181', '太仓市 ', '15'), ('1182', '泰兴市 ', '15'), ('1183', '泰州市 ', '15'), ('1184', '通州市 ', '15'), ('1185', '铜山县 ', '15'), ('1186', '无锡市 ', '15'), ('1187', '吴江市 ', '15'), ('1188', '武进区 ', '15'), ('1189', '锡山区 ', '15'), ('1190', '响水县 ', '15'), ('1191', '新沂市 ', '15'), ('1192', '兴化市 ', '15'), ('1193', '盱眙县 ', '15'), ('1194', '胥浦市 ', '15'), ('1195', '徐州市 ', '15'), ('1196', '盐城市 ', '15'), ('1197', '盐都区 ', '15'), ('1198', '扬中市 ', '15'), ('1199', '扬州市 ', '15'), ('1200', '仪征市 ', '15'), ('1201', '宜兴市 ', '15'), ('1202', '张家港市 ', '15'), ('1203', '镇江市 ', '15'), ('1204', '安福县 ', '16'), ('1205', '安义县 ', '16'), ('1206', '安远县 ', '16'), ('1207', '崇仁县 ', '16'), ('1208', '崇义县 ', '16'), ('1209', '大余县 ', '16'), ('1210', '德安县 ', '16'), ('1211', '德兴市 ', '16'), ('1212', '定南县 ', '16'), ('1213', '东乡县 ', '16'), ('1214', '都昌县 ', '16'), ('1215', '分宜县 ', '16'), ('1216', '丰城市 ', '16'), ('1217', '奉新县 ', '16'), ('1218', '浮梁县 ', '16'), ('1219', '抚州市 ', '16'), ('1220', '赣县 ', '16'), ('1221', '赣州市 ', '16'), ('1222', '高安市 ', '16'), ('1223', '广昌县 ', '16'), ('1224', '广丰县 ', '16'), ('1225', '贵溪市 ', '16'), ('1226', '横峰县 ', '16'), ('1227', '湖口县 ', '16'), ('1228', '会昌县 ', '16'), ('1229', '吉安市 ', '16'), ('1230', '吉安县 ', '16'), ('1231', '吉水县 ', '16'), ('1232', '江西 ', '16'), ('1233', '金溪县 ', '16'), ('1234', '进贤县 ', '16'), ('1235', '井冈山市 ', '16'), ('1236', '景德镇市 ', '16'), ('1237', '靖安县 ', '16'), ('1238', '九江市 ', '16'), ('1239', '九江县 ', '16'), ('1240', '乐安县 ', '16'), ('1241', '乐平市 ', '16'), ('1242', '黎川县 ', '16'), ('1243', '莲花县 ', '16'), ('1244', '龙南县 ', '16'), ('1245', '南昌市 ', '16'), ('1246', '南昌县 ', '16'), ('1247', '南城县 ', '16'), ('1248', '南丰县 ', '16'), ('1249', '南康市 ', '16'), ('1250', '宁都县 ', '16'), ('1251', '彭泽县 ', '16'), ('1252', '萍乡市 ', '16'), ('1253', '鄱阳县 ', '16'), ('1254', '铅山县 ', '16'), ('1255', '全南县 ', '16'), ('1256', '瑞昌市 ', '16'), ('1257', '瑞金市 ', '16'), ('1258', '上高县 ', '16'), ('1259', '上饶市 ', '16'), ('1260', '上饶县 ', '16'), ('1261', '上犹县 ', '16'), ('1262', '石城县 ', '16'), ('1263', '遂川县 ', '16'), ('1264', '泰和县 ', '16'), ('1265', '铜鼓县 ', '16'), ('1266', '万安县 ', '16'), ('1267', '万年县 ', '16'), ('1268', '万载县 ', '16'), ('1269', '武宁县 ', '16'), ('1270', '婺源县 ', '16'), ('1271', '峡江县 ', '16'), ('1272', '新干县 ', '16'), ('1273', '新建县 ', '16'), ('1274', '新余市 ', '16'), ('1275', '信丰县 ', '16'), ('1276', '兴国县 ', '16'), ('1277', '星子县 ', '16'), ('1278', '修水县 ', '16'), ('1279', '寻乌县 ', '16'), ('1280', '宜春市 ', '16'), ('1281', '宜丰县 ', '16'), ('1282', '宜黄县 ', '16'), ('1283', '弋阳县 ', '16'), ('1284', '鹰潭市 ', '16'), ('1285', '永丰县 ', '16'), ('1286', '永新县 ', '16'), ('1287', '永修县 ', '16'), ('1288', '于都县 ', '16'), ('1289', '余干县 ', '16'), ('1290', '余江县 ', '16'), ('1291', '玉山县 ', '16'), ('1292', '樟树市 ', '16'), ('1293', '资溪县 ', '16'), ('1294', '鞍山市 ', '17'), ('1295', '北宁市 ', '17'), ('1296', '北票市 ', '17'), ('1297', '本溪市 ', '17'), ('1298', '本溪县 ', '17'), ('1299', '昌图县 ', '17'), ('1300', '长海县 ', '17'), ('1301', '朝阳市 ', '17'), ('1302', '大连市 ', '17'), ('1303', '大石桥市 ', '17'), ('1304', '大洼县 ', '17'), ('1305', '丹东市 ', '17'), ('1306', '灯塔市 ', '17'), ('1307', '调兵山市 ', '17'), ('1308', '东港市 ', '17'), ('1309', '凤城市 ', '17'), ('1310', '抚顺市 ', '17'), ('1311', '抚顺县 ', '17'), ('1312', '阜新市 ', '17'), ('1313', '阜新县 ', '17'), ('1314', '盖州市 ', '17'), ('1315', '海城市 ', '17'), ('1316', '黑山县 ', '17'), ('1317', '葫芦岛市 ', '17'), ('1318', '桓仁县 ', '17'), ('1319', '建昌县 ', '17'), ('1320', '建平县 ', '17'), ('1321', '金州区 ', '17'), ('1322', '锦州市 ', '17'), ('1323', '喀喇沁左翼县 ', '17'), ('1324', '开原市 ', '17'), ('1325', '宽甸县 ', '17'), ('1326', '辽宁 ', '17'), ('1327', '辽阳市 ', '17'), ('1328', '辽阳县 ', '17'), ('1329', '辽中县 ', '17'), ('1330', '凌海市 ', '17'), ('1331', '凌源市 ', '17'), ('1332', '盘锦市 ', '17'), ('1333', '盘山县 ', '17'), ('1334', '普兰店市 ', '17'), ('1335', '清原县 ', '17'), ('1336', '沈阳市 ', '17'), ('1337', '绥中县 ', '17'), ('1338', '台安县 ', '17'), ('1339', '铁岭市 ', '17'), ('1340', '铁岭县 ', '17'), ('1341', '瓦房店市 ', '17'), ('1342', '西丰县 ', '17'), ('1343', '新宾县 ', '17'), ('1344', '新民市 ', '17'), ('1345', '兴城市 ', '17'), ('1346', '义县 ', '17'), ('1347', '营口市 ', '17'), ('1348', '彰武县 ', '17'), ('1349', '庄河市 ', '17'), ('1350', '阿巴嘎旗 ', '18'), ('1351', '阿拉善盟 ', '18'), ('1352', '阿拉善右旗 ', '18'), ('1353', '阿拉善左旗 ', '18'), ('1354', '阿鲁科尔沁旗 ', '18'), ('1355', '敖汉旗 ', '18'), ('1356', '巴林右旗 ', '18'), ('1357', '巴林左旗 ', '18'), ('1358', '巴彦淖尔市 ', '18'), ('1359', '包头市 ', '18'), ('1360', '察哈尔右翼后旗 ', '18'), ('1361', '察哈尔右翼前旗 ', '18'), ('1362', '察哈尔右翼中旗 ', '18'), ('1363', '陈巴尔虎旗 ', '18'), ('1364', '赤峰市 ', '18'), ('1365', '达拉特旗 ', '18'), ('1366', '磴口县 ', '18'), ('1367', '东胜区 ', '18'), ('1368', '东乌珠穆沁旗 ', '18'), ('1369', '多伦县 ', '18'), ('1370', '额尔古纳市 ', '18'), ('1371', '额济纳旗 ', '18'), ('1372', '鄂尔多斯市 ', '18'), ('1373', '鄂伦春旗 ', '18'), ('1374', '鄂托克旗 ', '18'), ('1375', '鄂托克前旗 ', '18'), ('1376', '鄂温克旗 ', '18'), ('1377', '丰镇市 ', '18'), ('1378', '根河市 ', '18'), ('1379', '固阳县 ', '18'), ('1380', '海拉尔区 ', '18'), ('1381', '杭锦后旗 ', '18'), ('1382', '杭锦旗 ', '18'), ('1383', '和林格尔县 ', '18'), ('1384', '呼和浩特市 ', '18'), ('1385', '呼伦贝尔市 ', '18'), ('1386', '化德县 ', '18'), ('1387', '霍林郭勒市 ', '18'), ('1388', '集宁区 ', '18'), ('1389', '喀喇沁旗 ', '18'), ('1390', '开鲁县 ', '18'), ('1391', '科尔沁右翼中旗 ', '18'), ('1392', '科尔沁左翼后旗 ', '18'), ('1393', '科尔沁左翼中旗 ', '18'), ('1394', '克什克腾旗 ', '18'), ('1395', '库伦旗 ', '18'), ('1396', '凉城县 ', '18'), ('1397', '林西县 ', '18'), ('1398', '临河区 ', '18'), ('1399', '满洲里市 ', '18'), ('1400', '内蒙古 ', '18'), ('1401', '奈曼旗 ', '18'), ('1402', '宁城县 ', '18'), ('1403', '清水河县 ', '18'), ('1404', '商都县 ', '18'), ('1405', '四子王旗 ', '18'), ('1406', '苏尼特右旗 ', '18'), ('1407', '苏尼特左旗 ', '18'), ('1408', '太仆寺旗 ', '18'), ('1409', '通辽市 ', '18'), ('1410', '突泉县 ', '18'), ('1411', '土默特右旗 ', '18'), ('1412', '土默特左旗 ', '18'), ('1413', '托克托县 ', '18'), ('1414', '翁牛特旗 ', '18'), ('1415', '乌海市 ', '18'), ('1416', '乌拉特后旗 ', '18'), ('1417', '乌拉特前旗 ', '18'), ('1418', '乌兰察布市 ', '18'), ('1419', '乌兰浩特市 ', '18'), ('1420', '乌审旗 ', '18'), ('1421', '五原县 ', '18'), ('1422', '武川县 ', '18'), ('1423', '西乌珠穆沁旗 ', '18'), ('1424', '锡林郭勒盟 ', '18'), ('1425', '锡林浩特市 ', '18'), ('1426', '镶黄旗 ', '18'), ('1427', '新巴尔虎右旗 ', '18'), ('1428', '新巴尔虎左旗 ', '18'), ('1429', '兴安盟 ', '18'), ('1430', '兴和县 ', '18'), ('1431', '牙克石市 ', '18'), ('1432', '伊金霍洛旗 ', '18'), ('1433', '扎鲁特旗 ', '18'), ('1434', '札赉特旗 ', '18'), ('1435', '正蓝旗 ', '18'), ('1436', '正镶白旗 ', '18'), ('1437', '卓资县 ', '18'), ('1438', '固原县 ', '19'), ('1439', '海原县 ', '19'), ('1440', '贺兰县 ', '19'), ('1441', '惠农区 ', '19'), ('1442', '泾源县 ', '19'), ('1443', '灵武市 ', '19'), ('1444', '隆德县 ', '19'), ('1445', '宁夏 ', '19'), ('1446', '彭阳县 ', '19'), ('1447', '平罗县 ', '19'), ('1448', '青铜峡市 ', '19'), ('1449', '石嘴山市 ', '19'), ('1450', '同心县 ', '19'), ('1451', '吴忠市 ', '19'), ('1452', '西吉县 ', '19'), ('1453', '盐池县 ', '19'), ('1454', '银川市 ', '19'), ('1455', '永宁县 ', '19'), ('1456', '中宁县 ', '19'), ('1457', '中卫市 ', '19'), ('1458', '班玛县 ', '20'), ('1459', '达日县 ', '20'), ('1460', '大通回族土族自治县 ', '20'), ('1461', '德令哈市 ', '20'), ('1462', '都兰县 ', '20'), ('1463', '甘德县 ', '20'), ('1464', '刚察县 ', '20'), ('1465', '格尔木市 ', '20'), ('1466', '共和县 ', '20'), ('1467', '贵德县 ', '20'), ('1468', '贵南县 ', '20'), ('1469', '果洛州 ', '20'), ('1470', '海北藏族自治州 ', '20'), ('1471', '海东地区 ', '20'), ('1472', '海南州 ', '20'), ('1473', '海西州 ', '20'), ('1474', '海晏县 ', '20'), ('1475', '河南蒙古族自治县 ', '20'), ('1476', '互助土族自治县 ', '20'), ('1477', '化隆回族自治县 ', '20'), ('1478', '黄南州 ', '20'), ('1479', '湟源县 ', '20'), ('1480', '湟中县 ', '20'), ('1481', '尖扎县 ', '20'), ('1482', '乐都县 ', '20'), ('1483', '玛多县 ', '20'), ('1484', '玛沁县 ', '20'), ('1485', '门源县 ', '20'), ('1486', '民和回族土族自治县 ', '20'), ('1487', '囊谦县 ', '20'), ('1488', '平安县 ', '20'), ('1489', '祁连县 ', '20'), ('1490', '青海 ', '20'), ('1491', '曲麻莱县 ', '20'), ('1492', '天峻县 ', '20'), ('1493', '同德县 ', '20'), ('1494', '同仁县 ', '20'), ('1495', '乌兰县 ', '20'), ('1496', '西宁市 ', '20'), ('1497', '兴海县 ', '20'), ('1498', '循化撒拉族自治县 ', '20'), ('1499', '玉树县 ', '20'), ('1500', '玉树州 ', '20'), ('1501', '杂多县 ', '20'), ('1502', '泽库县 ', '20'), ('1503', '治多县 ', '20'), ('1504', '安丘市 ', '21'), ('1505', '滨州市 ', '21'), ('1506', '博山区 ', '21'), ('1507', '博兴县 ', '21'), ('1508', '苍山县 ', '21'), ('1509', '曹县 ', '21'), ('1510', '昌乐县 ', '21'), ('1511', '昌邑市 ', '21'), ('1512', '长岛县 ', '21'), ('1513', '成武县 ', '21'), ('1514', '茌平县 ', '21'), ('1515', '单县 ', '21'), ('1516', '德州市 ', '21'), ('1517', '定陶县 ', '21'), ('1518', '东阿县 ', '21'), ('1519', '东明县 ', '21'), ('1520', '东平县 ', '21'), ('1521', '东营市 ', '21'), ('1522', '坊子区 ', '21'), ('1523', '肥城市 ', '21'), ('1524', '费县 ', '21'), ('1525', '福山区 ', '21'), ('1526', '高密市 ', '21'), ('1527', '高青县 ', '21'), ('1528', '高唐县 ', '21'), ('1529', '冠县 ', '21'), ('1530', '广饶县 ', '21'), ('1531', '海阳市 ', '21'), ('1532', '寒亭区 ', '21'), ('1533', '河口区 ', '21'), ('1534', '荷泽市 ', '21'), ('1535', '桓台县 ', '21'), ('1536', '惠民县 ', '21'), ('1537', '即墨市 ', '21'), ('1538', '济南市 ', '21'), ('1539', '济宁市 ', '21'), ('1540', '济阳县 ', '21'), ('1541', '嘉祥县 ', '21'), ('1542', '胶南市 ', '21'), ('1543', '胶州市 ', '21'), ('1544', '金乡县 ', '21'), ('1545', '莒南县 ', '21'), ('1546', '莒县 ', '21'), ('1547', '巨野县 ', '21'), ('1548', '鄄城县 ', '21'), ('1549', '垦利县 ', '21'), ('1550', '莱芜市 ', '21'), ('1551', '莱西市 ', '21'), ('1552', '莱阳市 ', '21'), ('1553', '莱州市 ', '21'), ('1554', '崂山区 ', '21'), ('1555', '乐陵市 ', '21'), ('1556', '利津县 ', '21'), ('1557', '梁山县 ', '21'), ('1558', '聊城市 ', '21'), ('1559', '临清市 ', '21'), ('1560', '临朐县 ', '21'), ('1561', '临沭县 ', '21'), ('1562', '临沂市 ', '21'), ('1563', '临邑县 ', '21'), ('1564', '临淄区 ', '21'), ('1565', '陵县 ', '21'), ('1566', '龙口市 ', '21'), ('1567', '蒙阴县 ', '21'), ('1568', '牟平区 ', '21'), ('1569', '宁津县 ', '21'), ('1570', '宁阳县 ', '21'), ('1571', '蓬莱市 ', '21'), ('1572', '平度市 ', '21'), ('1573', '平邑县 ', '21'), ('1574', '平阴县 ', '21'), ('1575', '平原县 ', '21'), ('1576', '栖霞市 ', '21'), ('1577', '齐河县 ', '21'), ('1578', '青岛市 ', '21'), ('1579', '青州市 ', '21'), ('1580', '庆云县 ', '21'), ('1581', '曲阜市 ', '21'), ('1582', '日照市 ', '21'), ('1583', '荣成市 ', '21'), ('1584', '乳山市 ', '21'), ('1585', '山东 ', '21'), ('1586', '山亭区 ', '21'), ('1587', '商河县 ', '21'), ('1588', '寿光市 ', '21'), ('1589', '泗水县 ', '21'), ('1590', '台儿庄区 ', '21'), ('1591', '泰安市 ', '21'), ('1592', '郯城县 ', '21'), ('1593', '滕州市 ', '21'), ('1594', '威海市 ', '21'), ('1595', '微山县 ', '21'), ('1596', '潍坊市 ', '21'), ('1597', '文登市 ', '21'), ('1598', '汶上县 ', '21'), ('1599', '无棣县 ', '21'), ('1600', '五莲县 ', '21'), ('1601', '武城县 ', '21'), ('1602', '夏津县 ', '21'), ('1603', '莘县 ', '21'), ('1604', '新泰市 ', '21'), ('1605', '薛城区 ', '21'), ('1606', '烟台市 ', '21'), ('1607', '阳谷县 ', '21'), ('1608', '阳信县 ', '21'), ('1609', '沂南县 ', '21'), ('1610', '沂水县 ', '21'), ('1611', '沂源县 ', '21'), ('1612', '峄城区 ', '21'), ('1613', '鱼台县 ', '21'), ('1614', '禹城市 ', '21'), ('1615', '郓城县 ', '21'), ('1616', '沾化县 ', '21'), ('1617', '章丘市 ', '21'), ('1618', '招远市 ', '21'), ('1619', '周村区 ', '21'), ('1620', '诸城市 ', '21'), ('1621', '淄博市 ', '21'), ('1622', '淄川区 ', '21'), ('1623', '邹城市 ', '21'), ('1624', '邹平县 ', '21'), ('1625', '安泽县 ', '22'), ('1626', '保德县 ', '22'), ('1627', '长治市 ', '22'), ('1628', '长治县 ', '22'), ('1629', '长子县 ', '22'), ('1630', '大宁县 ', '22'), ('1631', '大同市 ', '22'), ('1632', '大同县 ', '22'), ('1633', '代县 ', '22'), ('1634', '定襄县 ', '22'), ('1635', '繁峙县 ', '22'), ('1636', '方山县 ', '22'), ('1637', '汾西县 ', '22'), ('1638', '汾阳市 ', '22'), ('1639', '浮山县 ', '22'), ('1640', '古交市 ', '22'), ('1641', '古县 ', '22'), ('1642', '广灵县 ', '22'), ('1643', '和顺县 ', '22'), ('1644', '河津市 ', '22'), ('1645', '河曲县 ', '22'), ('1646', '侯马市 ', '22'), ('1647', '壶关县 ', '22'), ('1648', '怀仁县 ', '22'), ('1649', '浑源县 ', '22'), ('1650', '霍州市 ', '22'), ('1651', '吉县 ', '22'), ('1652', '稷山县 ', '22'), ('1653', '绛县 ', '22'), ('1654', '交城县 ', '22'), ('1655', '交口县 ', '22'), ('1656', '介休市 ', '22'), ('1657', '晋城市 ', '22'), ('1658', '晋中市 ', '22'), ('1659', '静乐县 ', '22'), ('1660', '苛岚县 ', '22'), ('1661', '岚县 ', '22'), ('1662', '离石区 ', '22'), ('1663', '黎城县 ', '22'), ('1664', '临汾市 ', '22'), ('1665', '临县 ', '22'), ('1666', '临猗县 ', '22'), ('1667', '灵丘县 ', '22'), ('1668', '灵石县 ', '22'), ('1669', '陵川县 ', '22'), ('1670', '柳林县 ', '22'), ('1671', '娄烦县 ', '22'), ('1672', '潞城市 ', '22'), ('1673', '吕梁市 ', '22'), ('1674', '宁武县 ', '22'), ('1675', '偏关县 ', '22'), ('1676', '平定县 ', '22'), ('1677', '平鲁区 ', '22'), ('1678', '平陆县 ', '22'), ('1679', '平顺县 ', '22'), ('1680', '平遥县 ', '22'), ('1681', '蒲县 ', '22'), ('1682', '祁县 ', '22'), ('1683', '沁水县 ', '22'), ('1684', '沁县 ', '22'), ('1685', '沁源县 ', '22'), ('1686', '清徐县 ', '22'), ('1687', '曲沃县 ', '22'), ('1688', '芮城县 ', '22'), ('1689', '山西 ', '22'), ('1690', '山阴县 ', '22'), ('1691', '神池县 ', '22'), ('1692', '石楼县 ', '22'), ('1693', '太谷县 ', '22'), ('1694', '太原市 ', '22'), ('1695', '天镇县 ', '22'), ('1696', '屯留县 ', '22'), ('1697', '万荣县 ', '22'), ('1698', '文水县 ', '22'), ('1699', '闻喜县 ', '22'), ('1700', '五台县 ', '22'), ('1701', '五寨县 ', '22'), ('1702', '武乡县 ', '22'), ('1703', '昔阳县 ', '22'), ('1704', '隰县 ', '22'), ('1705', '夏县 ', '22'), ('1706', '乡宁县 ', '22'), ('1707', '襄汾县 ', '22'), ('1708', '襄垣县 ', '22'), ('1709', '孝义市 ', '22'), ('1710', '忻洲市 ', '22'), ('1711', '新绛县 ', '22'), ('1712', '兴县 ', '22'), ('1713', '阳城县 ', '22'), ('1714', '阳高县 ', '22'), ('1715', '阳曲县 ', '22'), ('1716', '阳泉市 ', '22'), ('1717', '翼城县 ', '22'), ('1718', '应县 ', '22'), ('1719', '永和县 ', '22'), ('1720', '永济市 ', '22'), ('1721', '右玉县 ', '22'), ('1722', '盂县 ', '22'), ('1723', '榆次区 ', '22'), ('1724', '榆社县 ', '22'), ('1725', '垣曲县 ', '22'), ('1726', '原平市 ', '22'), ('1727', '运城市 ', '22'), ('1728', '中阳县 ', '22'), ('1729', '左权县 ', '22'), ('1730', '左云县 ', '22'), ('1731', '安康市 ', '23'), ('1732', '安塞县 ', '23'), ('1733', '白河县 ', '23'), ('1734', '白水县 ', '23'), ('1735', '宝鸡市 ', '23'), ('1736', '彬县 ', '23'), ('1737', '长安区 ', '23'), ('1738', '长武县 ', '23'), ('1739', '陈仓区 ', '23'), ('1740', '城固县 ', '23'), ('1741', '澄城县 ', '23'), ('1742', '淳化县 ', '23'), ('1743', '大荔县 ', '23'), ('1744', '丹凤县 ', '23'), ('1745', '定边县 ', '23'), ('1746', '凤县 ', '23'), ('1747', '凤翔县 ', '23'), ('1748', '佛坪县 ', '23'), ('1749', '扶风县 ', '23'), ('1750', '府谷县 ', '23'), ('1751', '富平县 ', '23'), ('1752', '富县 ', '23'), ('1753', '甘泉县 ', '23'), ('1754', '高陵县 ', '23'), ('1755', '韩城市 ', '23'), ('1756', '汉阴县 ', '23'), ('1757', '汉中市 ', '23'), ('1758', '合阳县 ', '23'), ('1759', '横山县 ', '23'), ('1760', '户县 ', '23'), ('1761', '华县 ', '23'), ('1762', '华阴市 ', '23'), ('1763', '黄陵县 ', '23'), ('1764', '黄龙县 ', '23'), ('1765', '佳县 ', '23'), ('1766', '泾阳县 ', '23'), ('1767', '靖边县 ', '23'), ('1768', '岚皋县 ', '23'), ('1769', '蓝田县 ', '23'), ('1770', '礼泉县 ', '23'), ('1771', '临潼区 ', '23'), ('1772', '麟游县 ', '23'), ('1773', '留坝县 ', '23'), ('1774', '略阳县 ', '23'), ('1775', '洛川县 ', '23'), ('1776', '洛南县 ', '23'), ('1777', '眉县 ', '23'), ('1778', '米脂县 ', '23'), ('1779', '勉县 ', '23'), ('1780', '南郑县 ', '23'), ('1781', '宁强县 ', '23'), ('1782', '宁陕县 ', '23'), ('1783', '平利县 ', '23'), ('1784', '蒲城县 ', '23'), ('1785', '岐山县 ', '23'), ('1786', '千阳县 ', '23'), ('1787', '乾县 ', '23'), ('1788', '清涧县 ', '23'), ('1789', '三原县 ', '23'), ('1790', '山阳县 ', '23'), ('1791', '陕西 ', '23'), ('1792', '商洛市 ', '23'), ('1793', '商南县 ', '23'), ('1794', '商州区 ', '23'), ('1795', '神木县 ', '23'), ('1796', '石泉县 ', '23'), ('1797', '绥德县 ', '23'), ('1798', '太白县 ', '23'), ('1799', '铜川市 ', '23'), ('1800', '潼关县 ', '23'), ('1801', '渭南市 ', '23'), ('1802', '吴堡县 ', '23'), ('1803', '吴旗县 ', '23'), ('1804', '武功县 ', '23'), ('1805', '西安市 ', '23'), ('1806', '西乡县 ', '23'), ('1807', '咸阳市 ', '23'), ('1808', '兴平市 ', '23'), ('1809', '旬阳县 ', '23'), ('1810', '旬邑县 ', '23'), ('1811', '延安市 ', '23'), ('1812', '延长县 ', '23'), ('1813', '延川县 ', '23'), ('1814', '阎良区 ', '23'), ('1815', '杨陵区 ', '23'), ('1816', '洋县 ', '23'), ('1817', '耀州区 ', '23'), ('1818', '宜川县 ', '23'), ('1819', '宜君县 ', '23'), ('1820', '永寿县 ', '23'), ('1821', '榆林市 ', '23'), ('1822', '镇安县 ', '23'), ('1823', '镇巴县 ', '23'), ('1824', '镇坪县 ', '23'), ('1825', '志丹县 ', '23'), ('1826', '周至县 ', '23'), ('1827', '子长县 ', '23'), ('1828', '子洲县 ', '23'), ('1829', '紫阳县 ', '23'), ('1830', '柞水县 ', '23'), ('1831', '安亭镇 ', '24'), ('1832', '宝山区 ', '24'), ('1833', '崇明县 ', '24'), ('1834', '奉贤区 ', '24'), ('1835', '嘉定区 ', '24'), ('1836', '金山区 ', '24'), ('1837', '闵行区 ', '24'), ('1838', '南汇区 ', '24'), ('1839', '浦东新区 ', '24'), ('1840', '青浦区 ', '24'), ('1841', '上海市 ', '24'), ('1842', '上海市区 ', '24'), ('1843', '松江区 ', '24'), ('1844', '阿坝县 ', '25'), ('1845', '阿坝州 ', '25'), ('1846', '安县 ', '25'), ('1847', '安岳县 ', '25'), ('1848', '巴塘县 ', '25'), ('1849', '巴中市 ', '25'), ('1850', '白玉县 ', '25'), ('1851', '宝兴县 ', '25'), ('1852', '北川县 ', '25'), ('1853', '布拖县 ', '25'), ('1854', '苍溪县 ', '25'), ('1855', '长宁县 ', '25'), ('1856', '成都市 ', '25'), ('1857', '崇州市 ', '25'), ('1858', '达县 ', '25'), ('1859', '达州市 ', '25'), ('1860', '大邑县 ', '25'), ('1861', '大竹县 ', '25'), ('1862', '丹巴县 ', '25'), ('1863', '丹棱县 ', '25'), ('1864', '道孚县 ', '25'), ('1865', '稻城县 ', '25'), ('1866', '得荣县 ', '25'), ('1867', '德昌县 ', '25'), ('1868', '德格县 ', '25'), ('1869', '德阳市 ', '25'), ('1870', '都江堰市 ', '25'), ('1871', '峨边彝族自治县 ', '25'), ('1872', '峨眉山市 ', '25'), ('1873', '富顺县 ', '25'), ('1874', '甘洛县 ', '25'), ('1875', '甘孜县 ', '25'), ('1876', '甘孜州 ', '25'), ('1877', '高坪区 ', '25'), ('1878', '高县 ', '25'), ('1879', '珙县 ', '25'), ('1880', '古蔺县 ', '25'), ('1881', '广安市 ', '25'), ('1882', '广汉市 ', '25'), ('1883', '广元市 ', '25'), ('1884', '汉源县 ', '25'), ('1885', '合江县 ', '25'), ('1886', '黑水县 ', '25'), ('1887', '红原县 ', '25'), ('1888', '洪雅县 ', '25'), ('1889', '华蓥市 ', '25'), ('1890', '会东县 ', '25'), ('1891', '会理县 ', '25'), ('1892', '夹江县 ', '25'), ('1893', '犍为县 ', '25'), ('1894', '简阳市 ', '25'), ('1895', '剑阁县 ', '25'), ('1896', '江安县 ', '25'), ('1897', '江油市 ', '25'), ('1898', '金川县 ', '25'), ('1899', '金口河区 ', '25'), ('1900', '金堂县 ', '25'), ('1901', '金阳县 ', '25'), ('1902', '井研县 ', '25'), ('1903', '九龙县 ', '25'), ('1904', '筠连县 ', '25'), ('1905', '开江县 ', '25'), ('1906', '康定县 ', '25'), ('1907', '阆中市 ', '25'), ('1908', '乐山市 ', '25'), ('1909', '乐至县 ', '25'), ('1910', '雷波县 ', '25'), ('1911', '理塘县 ', '25'), ('1912', '理县 ', '25'), ('1913', '凉山州 ', '25'), ('1914', '邻水县 ', '25'), ('1915', '龙泉驿区 ', '25'), ('1916', '隆昌县 ', '25'), ('1917', '芦山县 ', '25'), ('1918', '泸定县 ', '25'), ('1919', '泸县 ', '25'), ('1920', '泸州市 ', '25'), ('1921', '炉霍县 ', '25'), ('1922', '马边彝族自治县 ', '25'), ('1923', '马尔康县 ', '25'), ('1924', '茂县 ', '25'), ('1925', '眉山市 ', '25'), ('1926', '美姑县 ', '25'), ('1927', '米易县 ', '25'), ('1928', '绵阳市 ', '25'), ('1929', '绵竹市 ', '25'), ('1930', '冕宁县 ', '25'), ('1931', '名山县 ', '25'), ('1932', '木里藏族自治县 ', '25'), ('1933', '沐川县 ', '25'), ('1934', '内江市 ', '25'), ('1935', '纳溪区 ', '25'), ('1936', '南部县 ', '25'), ('1937', '南充市 ', '25'), ('1938', '南江县 ', '25'), ('1939', '南溪县 ', '25'), ('1940', '宁南县 ', '25'), ('1941', '攀枝花市 ', '25'), ('1942', '彭山县 ', '25'), ('1943', '彭州市 ', '25'), ('1944', '蓬安县 ', '25'), ('1945', '蓬溪县 ', '25'), ('1946', '郫县 ', '25'), ('1947', '平昌县 ', '25'), ('1948', '平武县 ', '25'), ('1949', '屏山县 ', '25'), ('1950', '蒲江县 ', '25'), ('1951', '普格县 ', '25'), ('1952', '青白江区 ', '25'), ('1953', '青川县 ', '25'), ('1954', '青神县 ', '25'), ('1955', '邛崃市 ', '25'), ('1956', '渠县 ', '25'), ('1957', '壤塘县 ', '25'), ('1958', '仁寿县 ', '25'), ('1959', '荣县 ', '25'), ('1960', '若尔盖县 ', '25'), ('1961', '三台县 ', '25'), ('1962', '色达县 ', '25'), ('1963', '沙湾区 ', '25'), ('1964', '射洪县 ', '25'), ('1965', '什邡市 ', '25'), ('1966', '石棉县 ', '25'), ('1967', '石渠县 ', '25'), ('1968', '双流县 ', '25'), ('1969', '四川 ', '25'), ('1970', '松潘县 ', '25'), ('1971', '遂宁市 ', '25'), ('1972', '天全县 ', '25'), ('1973', '通江县 ', '25'), ('1974', '万源市 ', '25'), ('1975', '旺苍县 ', '25'), ('1976', '威远县 ', '25'), ('1977', '温江区 ', '25'), ('1978', '汶川县 ', '25'), ('1979', '五通桥区 ', '25'), ('1980', '武胜县 ', '25'), ('1981', '西昌市 ', '25'), ('1982', '西充县 ', '25'), ('1983', '喜德县 ', '25'), ('1984', '乡城县 ', '25'), ('1985', '小金县 ', '25'), ('1986', '新都区 ', '25'), ('1987', '新津县 ', '25'), ('1988', '新龙县 ', '25'), ('1989', '兴文县 ', '25'), ('1990', '叙永县 ', '25'), ('1991', '宣汉县 ', '25'), ('1992', '雅安市 ', '25'), ('1993', '雅江县 ', '25'), ('1994', '盐边县 ', '25'), ('1995', '盐源县 ', '25'), ('1996', '仪陇县 ', '25'), ('1997', '宜宾市 ', '25'), ('1998', '宜宾县 ', '25'), ('1999', '荥经县 ', '25'), ('2000', '营山县 ', '25'), ('2001', '岳池县 ', '25'), ('2002', '越西县 ', '25'), ('2003', '昭觉县 ', '25'), ('2004', '中江县 ', '25'), ('2005', '资阳市 ', '25'), ('2006', '资中县 ', '25'), ('2007', '梓潼县 ', '25'), ('2008', '自贡市 ', '25'), ('2009', '宝坻区 ', '26'), ('2010', '汉沽区 ', '26'), ('2011', '蓟县 ', '26'), ('2012', '静海县 ', '26'), ('2013', '宁河县 ', '26'), ('2014', '塘沽区 ', '26'), ('2015', '天津 ', '26'), ('2016', '天津市 ', '26'), ('2017', '武清县 ', '26'), ('2018', '安多县 ', '27'), ('2019', '昂仁县 ', '27'), ('2020', '八宿县 ', '27'), ('2021', '巴青县 ', '27'), ('2022', '白朗县 ', '27'), ('2023', '班戈县 ', '27'), ('2024', '比如县 ', '27'), ('2025', '边坝县 ', '27'), ('2026', '波密县 ', '27'), ('2027', '察雅县 ', '27'), ('2028', '察隅县 ', '27'), ('2029', '昌都地区 ', '27'), ('2030', '昌都县 ', '27'), ('2031', '措美县 ', '27'), ('2032', '措勤县 ', '27'), ('2033', '错那县 ', '27'), ('2034', '达孜县 ', '27'), ('2035', '当雄县 ', '27'), ('2036', '丁青县 ', '27'), ('2037', '定结县 ', '27'), ('2038', '定日县 ', '27'), ('2039', '噶尔县 ', '27'), ('2040', '改则县 ', '27'), ('2041', '岗巴县 ', '27'), ('2042', '革吉县 ', '27'), ('2043', '工布江达县 ', '27'), ('2044', '贡嘎县 ', '27'), ('2045', '贡觉县 ', '27'), ('2046', '吉隆县 ', '27'), ('2047', '加查县 ', '27'), ('2048', '嘉黎县 ', '27'), ('2049', '江达县 ', '27'), ('2050', '江孜县 ', '27'), ('2051', '康马县 ', '27'), ('2052', '拉萨市 ', '27'), ('2053', '拉孜县 ', '27'), ('2054', '朗县 ', '27'), ('2055', '浪卡子县 ', '27'), ('2056', '类乌齐县 ', '27'), ('2057', '林芝地区 ', '27'), ('2058', '林周县 ', '27'), ('2059', '隆子县 ', '27'), ('2060', '洛隆县 ', '27'), ('2061', '洛扎县 ', '27'), ('2062', '芒康县 ', '27'), ('2063', '米林县 ', '27'), ('2064', '墨脱县 ', '27'), ('2065', '墨竹工卡县 ', '27'), ('2066', '那曲地区 ', '27'), ('2067', '那曲县 ', '27'), ('2068', '乃东县 ', '27'), ('2069', '南木林县 ', '27'), ('2070', '尼木县 ', '27'), ('2071', '聂拉木县 ', '27'), ('2072', '聂荣县 ', '27'), ('2073', '普兰县 ', '27'), ('2074', '琼结县 ', '27'), ('2075', '曲水县 ', '27'), ('2076', '曲松县 ', '27'), ('2077', '仁布县 ', '27'), ('2078', '日喀则地区 ', '27'), ('2079', '日喀则市 ', '27'), ('2080', '日土县 ', '27'), ('2081', '萨嘎县 ', '27'), ('2082', '萨迦县 ', '27'), ('2083', '桑日县 ', '27'), ('2084', '山南地区 ', '27'), ('2085', '申扎县 ', '27'), ('2086', '双湖 ', '27'), ('2087', '索县 ', '27'), ('2088', '推龙德庆县 ', '27'), ('2089', '西藏 ', '27'), ('2090', '谢通门县 ', '27'), ('2091', '亚东县 ', '27'), ('2092', '扎达县 ', '27'), ('2093', '扎囊县 ', '27'), ('2094', '樟木口岸 ', '27'), ('2095', '仲巴县 ', '27'), ('2096', '左贡县 ', '27'), ('2097', '阿合奇县 ', '28'), ('2098', '阿克苏地区 ', '28'), ('2099', '阿克苏市 ', '28'), ('2100', '阿克陶县 ', '28'), ('2101', '阿拉尔市 ', '28'), ('2102', '阿勒泰地区 ', '28'), ('2103', '阿勒泰市 ', '28'), ('2104', '阿图什市 ', '28'), ('2105', '阿瓦提县 ', '28'), ('2106', '巴里坤哈萨克自治县 ', '28'), ('2107', '巴音郭楞州 ', '28'), ('2108', '拜城县 ', '28'), ('2109', '北屯县 ', '28'), ('2110', '博尔塔拉州 ', '28'), ('2111', '博湖县 ', '28'), ('2112', '博乐市 ', '28'), ('2113', '布尔津县 ', '28'), ('2114', '策勒县 ', '28'), ('2115', '察步查尔锡泊自治县 ', '28'), ('2116', '昌吉市 ', '28'), ('2117', '昌吉州 ', '28'), ('2118', '大河沿 ', '28'), ('2119', '额敏县 ', '28'), ('2120', '福海县 ', '28'), ('2121', '阜康市 ', '28'), ('2122', '富蕴县 ', '28'), ('2123', '伽师县 ', '28'), ('2124', '巩留县 ', '28'), ('2125', '哈巴河县 ', '28'), ('2126', '哈密地区 ', '28'), ('2127', '哈密市 ', '28'), ('2128', '和布克赛尔蒙古自治县 ', '28'), ('2129', '和静县 ', '28'), ('2130', '和硕县 ', '28'), ('2131', '和田地区 ', '28'), ('2132', '和田市 ', '28'), ('2133', '呼图壁县 ', '28'), ('2134', '霍城县 ', '28'), ('2135', '吉木乃县 ', '28'), ('2136', '吉木萨尔县 ', '28'), ('2137', '精河县 ', '28'), ('2138', '喀什地区 ', '28'), ('2139', '喀什市 ', '28'), ('2140', '柯坪县 ', '28'), ('2141', '克拉玛依市 ', '28'), ('2142', '克孜勒苏州 ', '28'), ('2143', '库车县 ', '28'), ('2144', '库尔勒市 ', '28'), ('2145', '奎屯市 ', '28'), ('2146', '奎依巴格 ', '28'), ('2147', '轮台县 ', '28'), ('2148', '洛普县 ', '28'), ('2149', '玛纳斯县 ', '28'), ('2150', '麦盖提县 ', '28'), ('2151', '米泉市 ', '28'), ('2152', '民丰县 ', '28'), ('2153', '墨玉县 ', '28'), ('2154', '木垒哈萨克自治县 ', '28'), ('2155', '尼勒克县 ', '28'), ('2156', '奇台县 ', '28'), ('2157', '且末县 ', '28'), ('2158', '青河县 ', '28'), ('2159', '若羌县 ', '28'), ('2160', '沙湾县 ', '28'), ('2161', '沙雅县 ', '28'), ('2162', '莎车县 ', '28'), ('2163', '鄯善县 ', '28'), ('2164', '石河子市 ', '28'), ('2165', '疏附县 ', '28'), ('2166', '疏勒县 ', '28'), ('2167', '塔城地区 ', '28'), ('2168', '塔城市 ', '28'), ('2169', '塔什库尔干塔吉克自治县 ', '28'), ('2170', '特克斯县 ', '28'), ('2171', '吐鲁番地区 ', '28'), ('2172', '吐鲁番市 ', '28'), ('2173', '托克逊县 ', '28'), ('2174', '托里县 ', '28'), ('2175', '尉犁县 ', '28'), ('2176', '温泉县 ', '28'), ('2177', '温宿县 ', '28'), ('2178', '乌鲁木齐市 ', '28'), ('2179', '乌鲁木齐县 ', '28'), ('2180', '乌什县 ', '28'), ('2181', '乌苏市 ', '28'), ('2182', '新和县 ', '28'), ('2183', '新疆 ', '28'), ('2184', '新源县 ', '28'), ('2185', '焉耆回族自治县 ', '28'), ('2186', '叶城县 ', '28'), ('2187', '伊犁州 ', '28'), ('2188', '伊宁市 ', '28'), ('2189', '伊宁县 ', '28'), ('2190', '伊吾县 ', '28'), ('2191', '英吉沙县 ', '28'), ('2192', '于田县 ', '28'), ('2193', '裕民县 ', '28'), ('2194', '岳普湖县 ', '28'), ('2195', '泽普县 ', '28'), ('2196', '昭苏县 ', '28'), ('2197', '安宁市 ', '29'), ('2198', '保山市 ', '29'), ('2199', '宾川县 ', '29'), ('2200', '沧源佤族自治县 ', '29'), ('2201', '昌宁县 ', '29'), ('2202', '呈贡县 ', '29'), ('2203', '澄江县 ', '29'), ('2204', '楚雄市 ', '29'), ('2205', '楚雄州 ', '29'), ('2206', '大关县 ', '29'), ('2207', '大理市 ', '29'), ('2208', '大理州 ', '29'), ('2209', '大姚县 ', '29'), ('2210', '德宏州 ', '29'), ('2211', '德钦县 ', '29'), ('2212', '迪庆州 ', '29'), ('2213', '东川区 ', '29'), ('2214', '峨山彝族自治县 ', '29'), ('2215', '洱源县 ', '29'), ('2216', '风庆县 ', '29'), ('2217', '福贡县 ', '29'), ('2218', '富民县 ', '29'), ('2219', '富宁县 ', '29'), ('2220', '富源县 ', '29'), ('2221', '个旧市 ', '29'), ('2222', '耿马族佤族自治县 ', '29'), ('2223', '贡山独龙族怒族自治县 ', '29'), ('2224', '官渡区 ', '29'), ('2225', '广南县 ', '29'), ('2226', '河口瑶族自治县 ', '29'), ('2227', '鹤庆县 ', '29'), ('2228', '红河县 ', '29'), ('2229', '红河州 ', '29'), ('2230', '华宁县 ', '29'), ('2231', '华坪县 ', '29'), ('2232', '会泽县 ', '29'), ('2233', '建水县 ', '29'), ('2234', '剑川县 ', '29'), ('2235', '江城哈尼族彝族自治县 ', '29'), ('2236', '江川县 ', '29'), ('2237', '金平苗族瑶族傣族自治县 ', '29'), ('2238', '晋宁县 ', '29'), ('2239', '景东彝族自治县 ', '29'), ('2240', '景谷傣族彝族自治县 ', '29'), ('2241', '景洪市 ', '29'), ('2242', '开远市 ', '29'), ('2243', '昆明市 ', '29'), ('2244', '兰坪白族普米族自治县 ', '29'), ('2245', '澜沧祜拉族自治县 ', '29'), ('2246', '丽江市 ', '29'), ('2247', '梁河县 ', '29'), ('2248', '临沧市 ', '29'), ('2249', '龙陵县 ', '29'), ('2250', '陇川县 ', '29'), ('2251', '泸水县 ', '29'), ('2252', '泸西县 ', '29'), ('2253', '鲁甸县 ', '29'), ('2254', '陆良县 ', '29'), ('2255', '禄丰县 ', '29'), ('2256', '禄劝县 ', '29'), ('2257', '潞西市 ', '29'), ('2258', '绿春县 ', '29'), ('2259', '罗平县 ', '29'), ('2260', '麻栗坡县 ', '29'), ('2261', '马关县 ', '29'), ('2262', '马龙县 ', '29'), ('2263', '勐海县 ', '29'), ('2264', '勐腊县 ', '29'), ('2265', '蒙自县 ', '29'), ('2266', '孟连傣族祜拉族佤族自治县 ', '29'), ('2267', '弥渡县 ', '29'), ('2268', '弥勒县 ', '29'), ('2269', '墨江哈尼族自治县 ', '29'), ('2270', '牟定县 ', '29'), ('2271', '南华县 ', '29'), ('2272', '南涧彝族自治县 ', '29'), ('2273', '宁蒗县 ', '29'), ('2274', '怒江州 ', '29'), ('2275', '屏边苗族自治县 ', '29'), ('2276', '普洱哈尼族彝族自治县 ', '29'), ('2277', '巧家县 ', '29'), ('2278', '丘北县 ', '29'), ('2279', '曲靖市 ', '29'), ('2280', '瑞丽市 ', '29'), ('2281', '师宗县 ', '29'), ('2282', '施甸县 ', '29'), ('2283', '石林县 ', '29'), ('2284', '石屏县 ', '29'), ('2285', '双柏县 ', '29'), ('2286', '双江拉祜族佤族布朗族傣族自治县 ', '29'), ('2287', '水富县 ', '29'), ('2288', '思茅市 ', '29'), ('2289', '嵩明县 ', '29'), ('2290', '绥江县 ', '29'), ('2291', '腾冲县 ', '29'), ('2292', '通海县 ', '29'), ('2293', '巍山彝族回族自治县 ', '29'), ('2294', '维西傈傈自治县 ', '29'), ('2295', '文山县 ', '29'), ('2296', '文山州 ', '29'), ('2297', '武定县 ', '29'), ('2298', '西畴县 ', '29'), ('2299', '西盟佤族自治县 ', '29'), ('2300', '西山区 ', '29'), ('2301', '西双版纳州 ', '29'), ('2302', '香格里拉县 ', '29'), ('2303', '祥云县 ', '29'), ('2304', '新平县 ', '29'), ('2305', '宣威市 ', '29'), ('2306', '寻甸回族彝族自治县 ', '29'), ('2307', '盐津县 ', '29'), ('2308', '砚山县 ', '29'), ('2309', '漾濞彝族自治县 ', '29'), ('2310', '姚安县 ', '29'), ('2311', '宜良县 ', '29'), ('2312', '彝良县 ', '29'), ('2313', '易门县 ', '29'), ('2314', '盈江县 ', '29'), ('2315', '永德县 ', '29'), ('2316', '永平县 ', '29'), ('2317', '永仁县 ', '29'), ('2318', '永善县 ', '29'), ('2319', '永胜县 ', '29'), ('2320', '玉龙县 ', '29'), ('2321', '玉溪市 ', '29'), ('2322', '元江哈尼族泰组族县 ', '29'), ('2323', '元谋县 ', '29'), ('2324', '元阳县 ', '29'), ('2325', '云龙县 ', '29'), ('2326', '云南 ', '29'), ('2327', '云县 ', '29'), ('2328', '沾益县 ', '29'), ('2329', '昭通市 ', '29'), ('2330', '镇康县 ', '29'), ('2331', '镇沅县 ', '29'), ('2332', '安吉县 ', '30'), ('2333', '北仑区 ', '30'), ('2334', '苍南县 ', '30'), ('2335', '长兴县 ', '30'), ('2336', '常山县 ', '30'), ('2337', '淳安县 ', '30'), ('2338', '慈溪市 ', '30'), ('2339', '岱山县 ', '30'), ('2340', '德清县 ', '30'), ('2341', '洞头县 ', '30'), ('2342', '奉化市 ', '30'), ('2343', '富阳市 ', '30'), ('2344', '海宁市 ', '30'), ('2345', '海盐县 ', '30'), ('2346', '杭州市 ', '30'), ('2347', '湖州市 ', '30'), ('2348', '黄岩区 ', '30'), ('2349', '嘉善县 ', '30'), ('2350', '嘉兴市 ', '30'), ('2351', '建德市 ', '30'), ('2352', '江山市 ', '30'), ('2353', '椒江区 ', '30'), ('2354', '金华市 ', '30'), ('2355', '景宁县 ', '30'), ('2356', '开化县 ', '30'), ('2357', '兰溪市 ', '30'), ('2358', '乐清市 ', '30'), ('2359', '丽水市 ', '30'), ('2360', '临安市 ', '30'), ('2361', '龙泉市 ', '30'), ('2362', '龙游县 ', '30'), ('2363', '路桥区 ', '30'), ('2364', '宁波市 ', '30'), ('2365', '宁海县 ', '30'), ('2366', '瓯海区 ', '30'), ('2367', '磐安县 ', '30'), ('2368', '平湖市 ', '30'), ('2369', '平阳县 ', '30'), ('2370', '浦江县 ', '30'), ('2371', '普陀区 ', '30'), ('2372', '青田县 ', '30'), ('2373', '庆元县 ', '30'), ('2374', '衢州市 ', '30'), ('2375', '瑞安市 ', '30'), ('2376', '三门县 ', '30'), ('2377', '上虞市 ', '30'), ('2378', '绍兴市 ', '30'), ('2379', '绍兴县 ', '30'), ('2380', '嵊州市 ', '30'), ('2381', '松阳县 ', '30'), ('2382', '遂昌县 ', '30'), ('2383', '台州市 ', '30'), ('2384', '泰顺县 ', '30'), ('2385', '天台县 ', '30'), ('2386', '桐庐县 ', '30'), ('2387', '桐乡市 ', '30'), ('2388', '温岭市 ', '30'), ('2389', '温州市 ', '30'), ('2390', '文成县 ', '30'), ('2391', '武义县 ', '30'), ('2392', '仙居县 ', '30'), ('2393', '象山县 ', '30'), ('2394', '萧山区 ', '30'), ('2395', '新昌县 ', '30'), ('2396', '永嘉县 ', '30'), ('2397', '永康市 ', '30'), ('2398', '余杭区 ', '30'), ('2399', '余姚市 ', '30'), ('2400', '玉环县 ', '30'), ('2401', '云和县 ', '30'), ('2402', '浙江 ', '30'), ('2403', '镇海区 ', '30'), ('2404', '舟山市 ', '30'), ('2405', '诸暨市 ', '30'), ('2406', '巴南区 ', '31'), ('2407', '北碚区 ', '31'), ('2408', '壁山县 ', '31'), ('2409', '长寿区 ', '31'), ('2410', '城口县 ', '31'), ('2411', '大足县 ', '31'), ('2412', '垫江县 ', '31'), ('2413', '丰都县 ', '31'), ('2414', '奉节县 ', '31'), ('2415', '涪陵区 ', '31'), ('2416', '合川县 ', '31'), ('2417', '江津市 ', '31'), ('2418', '开县 ', '31'), ('2419', '梁平县 ', '31'), ('2420', '南川市 ', '31'), ('2421', '彭水苗族土家族自治县 ', '31'), ('2422', '綦江县 ', '31'), ('2423', '黔江区 ', '31'), ('2424', '荣昌县 ', '31'), ('2425', '石柱土家族自治县 ', '31'), ('2426', '双桥区 ', '31'), ('2427', '铜梁县 ', '31'), ('2428', '潼南县 ', '31'), ('2429', '万盛区 ', '31'), ('2430', '万州 ', '31'), ('2431', '万州区 ', '31'), ('2432', '巫山县 ', '31'), ('2433', '巫溪县 ', '31'), ('2434', '武隆县 ', '31'), ('2435', '秀山土家族苗族自治县 ', '31'), ('2436', '永川市 ', '31'), ('2437', '酉阳土家族苗族自治县 ', '31'), ('2438', '云阳县 ', '31'), ('2439', '忠县 ', '31'), ('2440', '重庆 ', '31'), ('2441', '重庆市 ', '31');
COMMIT;

-- ----------------------------
--  Table structure for `company`
-- ----------------------------
DROP TABLE IF EXISTS `company`;
CREATE TABLE `company` (
  `id` bigint(20) NOT NULL AUTO_INCREMENT,
  `company_name` varchar(100) NOT NULL,
  `provice` varchar(20) NOT NULL,
  `city` varchar(20) DEFAULT NULL,
  `business_type` varchar(50) DEFAULT NULL,
  `scale` int(11) DEFAULT NULL,
  `description` text,
  PRIMARY KEY (`id`)
) ENGINE=InnoDB AUTO_INCREMENT=6 DEFAULT CHARSET=utf8;

-- ----------------------------
--  Records of `company`
-- ----------------------------
BEGIN;
INSERT INTO `company` VALUES ('1', 'Company1', '北京', '大兴区 ', '2', '1000000', 'dsfadfsadfdsf'), ('2', 'company2', '吉林', '德惠市 ', '3', '500000', 'fdslfjlsdlfjldsfasdf'), ('3', 'sdfafd', '北京', '房山区 ', 'sdfsf', '234234', 'dsfdsfs'), ('4', '公司A', '内蒙古', '阿拉善右旗 ', '类型1', '10000', '这是公司A的描述'), ('5', '公司B', '内蒙古', '阿拉善右旗 ', '类型2', '100000', 'thi要洒');
COMMIT;

-- ----------------------------
--  Table structure for `company_label`
-- ----------------------------
DROP TABLE IF EXISTS `company_label`;
CREATE TABLE `company_label` (
  `company_id` bigint(20) NOT NULL,
  `label_id` bigint(20) NOT NULL,
  PRIMARY KEY (`company_id`,`label_id`),
  KEY `FK51F10CB2AA6E6F75` (`company_id`),
  KEY `FK51F10CB22B3842D5` (`label_id`),
  CONSTRAINT `FK51F10CB22B3842D5` FOREIGN KEY (`label_id`) REFERENCES `label` (`id`),
  CONSTRAINT `FK51F10CB2AA6E6F75` FOREIGN KEY (`company_id`) REFERENCES `company` (`id`)
) ENGINE=InnoDB DEFAULT CHARSET=utf8;

-- ----------------------------
--  Records of `company_label`
-- ----------------------------
BEGIN;
INSERT INTO `company_label` VALUES ('1', '2');
COMMIT;

-- ----------------------------
--  Table structure for `interview`
-- ----------------------------
DROP TABLE IF EXISTS `interview`;
CREATE TABLE `interview` (
  `id` bigint(20) NOT NULL AUTO_INCREMENT,
  `interview_name` varchar(100) NOT NULL,
  `date` datetime NOT NULL,
  `location` varchar(500) DEFAULT NULL,
  `notes` varchar(1000) DEFAULT NULL,
  `contact_info` varchar(1000) DEFAULT NULL,
  PRIMARY KEY (`id`)
) ENGINE=InnoDB AUTO_INCREMENT=2 DEFAULT CHARSET=utf8;

-- ----------------------------
--  Records of `interview`
-- ----------------------------
BEGIN;
INSERT INTO `interview` VALUES ('1', 'interview', '2012-10-27 02:09:16', 'safd', 'dsaf', 'sdafsa');
COMMIT;

-- ----------------------------
--  Table structure for `interview_material`
-- ----------------------------
DROP TABLE IF EXISTS `interview_material`;
CREATE TABLE `interview_material` (
  `id` bigint(20) NOT NULL AUTO_INCREMENT,
  `weight` int(11) NOT NULL,
  `question` varchar(1000) NOT NULL,
  `answer` varchar(1000) DEFAULT NULL,
  `add_date` datetime DEFAULT NULL,
  `type` varchar(20) DEFAULT NULL,
  PRIMARY KEY (`id`)
) ENGINE=InnoDB AUTO_INCREMENT=5 DEFAULT CHARSET=utf8;

-- ----------------------------
--  Records of `interview_material`
-- ----------------------------
BEGIN;
INSERT INTO `interview_material` VALUES ('1', '3', 'fdsadf', 'ansfe', '2012-10-18 02:08:55', 'fds'), ('2', '2', 'ewqrer', 'sdadf', '2012-10-18 02:08:55', '2w'), ('3', '2', 'ewqrer', 'sdadf', '2012-10-18 02:08:55', '2w'), ('4', '2', 'sdafsd', 'safdsfasdf', '2012-10-18 02:08:55', 'sfad');
COMMIT;

-- ----------------------------
--  Table structure for `job`
-- ----------------------------
DROP TABLE IF EXISTS `job`;
CREATE TABLE `job` (
  `id` bigint(20) NOT NULL AUTO_INCREMENT,
  `job_title` varchar(100) NOT NULL,
  `company_id` bigint(20) NOT NULL,
  `publish_date` datetime DEFAULT NULL,
  `required_tech` varchar(255) DEFAULT NULL,
  `content` text,
  PRIMARY KEY (`id`),
  KEY `jobcompany` (`company_id`),
  CONSTRAINT `jobcompany` FOREIGN KEY (`company_id`) REFERENCES `company` (`id`)
) ENGINE=InnoDB AUTO_INCREMENT=2 DEFAULT CHARSET=utf8;

-- ----------------------------
--  Records of `job`
-- ----------------------------
BEGIN;
INSERT INTO `job` VALUES ('1', 'job', '1', '2012-10-27 02:05:58', 'java', 'content of job');
COMMIT;

-- ----------------------------
--  Table structure for `label`
-- ----------------------------
DROP TABLE IF EXISTS `label`;
CREATE TABLE `label` (
  `id` bigint(20) NOT NULL AUTO_INCREMENT,
  `label_name` varchar(50) NOT NULL,
  PRIMARY KEY (`id`)
) ENGINE=InnoDB AUTO_INCREMENT=5 DEFAULT CHARSET=utf8;

-- ----------------------------
--  Records of `label`
-- ----------------------------
BEGIN;
INSERT INTO `label` VALUES ('1', 'l1'), ('2', 'Label'), ('3', 'Label2'), ('4', 'label3');
COMMIT;

-- ----------------------------
--  Table structure for `news`
-- ----------------------------
DROP TABLE IF EXISTS `news`;
CREATE TABLE `news` (
  `id` bigint(20) NOT NULL AUTO_INCREMENT,
  `title` varchar(255) NOT NULL,
  `company_id` bigint(20) NOT NULL,
  `date` datetime NOT NULL,
  `content` text NOT NULL,
  `description` varchar(255) DEFAULT NULL,
  PRIMARY KEY (`id`),
  KEY `newscompany` (`company_id`),
  CONSTRAINT `newscompany` FOREIGN KEY (`company_id`) REFERENCES `company` (`id`)
) ENGINE=InnoDB AUTO_INCREMENT=9 DEFAULT CHARSET=utf8;

-- ----------------------------
--  Records of `news`
-- ----------------------------
BEGIN;
INSERT INTO `news` VALUES ('1', 'new1', '1', '2012-10-27 02:01:57', 'this is the content of news', 'the desc of new'), ('7', 'sdfafsd', '1', '2012-10-27 00:00:00', 'safda', 'sadfasdf'), ('8', 'fwer', '1', '2012-10-11 00:00:00', 'fdasdf', 'sdaf');
COMMIT;

-- ----------------------------
--  Table structure for `offer`
-- ----------------------------
DROP TABLE IF EXISTS `offer`;
CREATE TABLE `offer` (
  `id` bigint(20) NOT NULL AUTO_INCREMENT,
  `offer_name` varchar(100) NOT NULL,
  `received_date` date NOT NULL,
  `work_date` date DEFAULT NULL,
  `salary` int(11) NOT NULL,
  `salary_description` text,
  `company` varchar(255) NOT NULL,
  `workplace` varchar(255) NOT NULL,
  `note` varchar(1000) DEFAULT NULL,
  PRIMARY KEY (`id`)
) ENGINE=InnoDB AUTO_INCREMENT=3 DEFAULT CHARSET=utf8;

-- ----------------------------
--  Records of `offer`
-- ----------------------------
BEGIN;
INSERT INTO `offer` VALUES ('1', 'offer', '2012-10-27', '2012-10-27', '23123', 'sfdsf', 'casd', 'fsdfdsfa', 'fsdaf'), ('2', 'fsadf', '2012-09-10', '2012-09-10', '321321', 'sdaf', 'fsafds', 'fadsfa', 'fdsafsaf');
COMMIT;

-- ----------------------------
--  Table structure for `product`
-- ----------------------------
DROP TABLE IF EXISTS `product`;
CREATE TABLE `product` (
  `id` bigint(20) NOT NULL AUTO_INCREMENT,
  `product_name` varchar(100) NOT NULL,
  `company_id` bigint(20) NOT NULL,
  `category_id` bigint(20) DEFAULT NULL,
  `short_desc` varchar(255) DEFAULT NULL,
  `description` text,
  PRIMARY KEY (`id`),
  KEY `productcompany` (`company_id`),
  KEY `productcategory` (`category_id`),
  CONSTRAINT `productcategory` FOREIGN KEY (`category_id`) REFERENCES `product_category` (`id`) ON DELETE SET NULL,
  CONSTRAINT `productcompany` FOREIGN KEY (`company_id`) REFERENCES `company` (`id`)
) ENGINE=InnoDB AUTO_INCREMENT=2 DEFAULT CHARSET=utf8;

-- ----------------------------
--  Records of `product`
-- ----------------------------
BEGIN;
INSERT INTO `product` VALUES ('1', 'prod', '1', '1', 'desc prod', 'desc of prod');
COMMIT;

-- ----------------------------
--  Table structure for `product_category`
-- ----------------------------
DROP TABLE IF EXISTS `product_category`;
CREATE TABLE `product_category` (
  `id` bigint(20) NOT NULL AUTO_INCREMENT,
  `category_name` varchar(100) NOT NULL,
  `parent_id` bigint(20) DEFAULT NULL,
  `description` varchar(100) DEFAULT NULL,
  PRIMARY KEY (`id`),
  KEY `parentcategory` (`parent_id`),
  CONSTRAINT `parentcategory` FOREIGN KEY (`parent_id`) REFERENCES `product_category` (`id`)
) ENGINE=InnoDB AUTO_INCREMENT=2 DEFAULT CHARSET=utf8;

-- ----------------------------
--  Records of `product_category`
-- ----------------------------
BEGIN;
INSERT INTO `product_category` VALUES ('1', 'cat', null, 'desc of cat');
COMMIT;

-- ----------------------------
--  Table structure for `province`
-- ----------------------------
DROP TABLE IF EXISTS `province`;
CREATE TABLE `province` (
  `id` bigint(20) NOT NULL AUTO_INCREMENT,
  `province_name` varchar(10) NOT NULL,
  PRIMARY KEY (`id`),
  UNIQUE KEY `id` (`id`),
  UNIQUE KEY `name` (`province_name`)
) ENGINE=InnoDB AUTO_INCREMENT=33 DEFAULT CHARSET=utf8;

-- ----------------------------
--  Records of `province`
-- ----------------------------
BEGIN;
INSERT INTO `province` VALUES ('32', 'henan'), ('24', '上海'), ('29', '云南'), ('18', '内蒙古'), ('2', '北京'), ('14', '吉林'), ('25', '四川'), ('26', '天津'), ('19', '宁夏'), ('1', '安徽'), ('21', '山东'), ('22', '山西'), ('5', '广东'), ('6', '广西'), ('28', '新疆'), ('15', '江苏'), ('16', '江西'), ('9', '河北'), ('10', '河南'), ('30', '浙江'), ('8', '海南'), ('12', '湖北'), ('13', '湖南'), ('4', '甘肃'), ('3', '福建'), ('27', '西藏'), ('7', '贵州'), ('17', '辽宁'), ('31', '重庆'), ('23', '陕西'), ('20', '青海'), ('11', '黑龙江');
COMMIT;

-- ----------------------------
--  Table structure for `user`
-- ----------------------------
DROP TABLE IF EXISTS `user`;
CREATE TABLE `user` (
  `id` bigint(20) NOT NULL AUTO_INCREMENT,
  `email` varchar(100) NOT NULL,
  `name` varchar(255) DEFAULT NULL,
  `password` varchar(100) NOT NULL,
  PRIMARY KEY (`id`),
  UNIQUE KEY `id` (`id`),
  UNIQUE KEY `email` (`email`) USING BTREE
) ENGINE=InnoDB AUTO_INCREMENT=2 DEFAULT CHARSET=utf8;

-- ----------------------------
--  Records of `user`
-- ----------------------------
BEGIN;
INSERT INTO `user` VALUES ('1', 'mason@personal.org', 'mason', 'WYn9E58wX7sa/1el6vhTZy4Icg9T4ewR');
COMMIT;

SET FOREIGN_KEY_CHECKS = 1;
